Generation, Worst, Lower Quartile, Mean, Median, Upper Quartile, Best, Median Fitness
0, 0.325, 0.45, 0.50225, 0.5, 0.55, 0.7, 20.606054719334775
1, 0.325, 0.45, 0.505375, 0.5, 0.55, 0.75, 20.68597218852259
2, 0.3, 0.45, 0.49574999999999997, 0.5, 0.55, 0.725, 20.574114646999448
3, 0.3, 0.45, 0.484375, 0.475, 0.525, 0.675, 19.66924165258949
4, 0.275, 0.45, 0.49225, 0.5, 0.55, 0.7, 20.48731986354479
5, 0.175, 0.45, 0.50925, 0.525, 0.575, 0.675, 21.56247027234187
6, 0.325, 0.425, 0.488125, 0.475, 0.525, 0.725, 19.644591350638443
7, 0.3, 0.45, 0.497375, 0.5, 0.55, 0.75, 20.641905947359596
8, 0.3, 0.45, 0.50475, 0.5, 0.55, 0.7, 20.77903751986544
9, 0.275, 0.45, 0.5065000000000001, 0.5, 0.55, 0.725, 20.796305498932583
10, 0.3, 0.45, 0.516, 0.525, 0.575, 0.8, 21.472858605648142
11, 0.275, 0.425, 0.49437499999999995, 0.5, 0.55, 0.7, 20.583701955086074
12, 0.275, 0.425, 0.499, 0.5, 0.55625, 0.7, 20.712354988643717
13, 0.3, 0.45, 0.49387499999999995, 0.5, 0.55, 0.675, 20.569026030731216
14, 0.275, 0.45, 0.505625, 0.525, 0.55, 0.675, 21.500291094570603
15, 0.3, 0.45, 0.495, 0.5, 0.55, 0.775, 20.616328816691656
16, 0.25, 0.475, 0.518875, 0.525, 0.575, 0.7, 21.623015220456544
17, 0.3, 0.45, 0.5055, 0.5, 0.575, 0.725, 20.81211137972779
18, 0.3, 0.45, 0.504875, 0.5, 0.575, 0.75, 20.790024309783156
19, 0.275, 0.425, 0.49074999999999996, 0.5, 0.55, 0.725, 20.56804808405619
20, 0.3, 0.425, 0.48412499999999997, 0.5, 0.55, 0.725, 20.47989616349689
21, 0.25, 0.45, 0.5051249999999999, 0.5, 0.575, 0.7, 20.63325937673966
22, 0.3, 0.45, 0.49412500000000004, 0.5, 0.55, 0.7, 20.513740866043214
23, 0.275, 0.45, 0.50125, 0.5, 0.55, 0.725, 20.62071212454029
24, 0.225, 0.425, 0.49225, 0.4875, 0.55, 0.725, 20.147328587184063
25, 0.25, 0.45, 0.4965, 0.5, 0.55, 0.7, 20.640122465814713
26, 0.275, 0.45, 0.5002500000000001, 0.5, 0.55, 0.725, 20.64590439086783
27, 0.275, 0.45, 0.49850000000000005, 0.5, 0.55, 0.75, 20.568188087187117
28, 0.275, 0.45, 0.5035000000000001, 0.5, 0.55, 0.725, 20.711033995115038
29, 0.3, 0.45, 0.495, 0.4875, 0.55, 0.75, 20.093569634071528
30, 0.275, 0.45, 0.4965, 0.5, 0.55, 0.775, 20.502371015265638
31, 0.25, 0.475, 0.511625, 0.525, 0.575, 0.725, 21.57404927008563
32, 0.3, 0.45, 0.501875, 0.5, 0.55, 0.675, 20.637395976446047
33, 0.275, 0.45, 0.490625, 0.5, 0.55, 0.7, 20.45152733024952
34, 0.3, 0.45, 0.5, 0.5, 0.55, 0.725, 20.591920997592453
35, 0.25, 0.45, 0.49487500000000006, 0.5, 0.55, 0.725, 20.611460541125357
36, 0.275, 0.45, 0.494625, 0.5, 0.525, 0.675, 20.576116573763752
37, 0.225, 0.45, 0.496625, 0.5, 0.55, 0.75, 20.672808597660225
38, 0.275, 0.45, 0.508875, 0.525, 0.575, 0.725, 21.443724987523844
39, 0.3, 0.45, 0.49775, 0.5, 0.55, 0.7, 20.634759097238266
40, 0.275, 0.425, 0.497, 0.5, 0.55, 0.725, 20.595803784029762
41, 0.3, 0.425, 0.5045, 0.5, 0.575, 0.775, 20.785707693833167
42, 0.325, 0.45, 0.500875, 0.5, 0.55, 0.75, 20.589106057163214
43, 0.275, 0.425, 0.49837499999999996, 0.5, 0.55, 0.725, 20.562406938115537
44, 0.35, 0.45, 0.5041249999999999, 0.5, 0.55, 0.7, 20.7616688157825
45, 0.275, 0.45, 0.506625, 0.5, 0.55, 0.75, 20.975301208312192
46, 0.3, 0.45, 0.499, 0.5, 0.55, 0.675, 20.594398551009803
47, 0.3, 0.475, 0.5095, 0.525, 0.55, 0.75, 21.588169667015315
48, 0.3, 0.45, 0.5077499999999999, 0.5, 0.55, 0.675, 20.791920786079537
49, 0.225, 0.425, 0.496875, 0.5, 0.55, 0.725, 20.619755544582986
50, 0.325, 0.45, 0.5002500000000001, 0.5, 0.55, 0.725, 20.619225178772083
51, 0.2, 0.45, 0.5025000000000001, 0.5, 0.55, 0.8, 20.66342426083034
52, 0.325, 0.475, 0.51275, 0.525, 0.55, 0.7, 21.50988285464945
53, 0.3, 0.45, 0.50325, 0.5, 0.575, 0.675, 20.61011122265716
54, 0.3, 0.45, 0.499, 0.5, 0.55, 0.7, 20.650145285046825
55, 0.3, 0.425, 0.48987499999999995, 0.5, 0.55, 0.725, 20.441524855757606
56, 0.3, 0.45, 0.49725, 0.5, 0.55, 0.7, 20.613619529576155
57, 0.325, 0.45, 0.499875, 0.5, 0.55, 0.775, 20.616396023189324
58, 0.3, 0.45, 0.5065000000000001, 0.5, 0.55, 0.725, 20.91658111697742
59, 0.275, 0.44375, 0.49574999999999997, 0.5, 0.55, 0.75, 20.59563796113389
60, 0.3, 0.46875, 0.515, 0.525, 0.575, 0.725, 21.530421471115112
61, 0.275, 0.45, 0.50075, 0.5, 0.55, 0.725, 20.662831157005932
62, 0.275, 0.45, 0.493, 0.5, 0.55, 0.675, 20.429078804627636
63, 0.325, 0.45, 0.49887499999999996, 0.5, 0.55, 0.7, 20.684379673580818
64, 0.25, 0.45, 0.50125, 0.5, 0.55, 0.675, 20.657222211842118
65, 0.3, 0.45, 0.49012500000000003, 0.5, 0.55, 0.675, 20.43829759777417
66, 0.25, 0.44375, 0.496875, 0.5, 0.55, 0.725, 20.69511408683232
67, 0.3, 0.45, 0.497375, 0.5, 0.55, 0.725, 20.583225173918542
68, 0.275, 0.45, 0.4965, 0.5, 0.55, 0.7, 20.579371478237753
69, 0.3, 0.45, 0.50175, 0.5, 0.55, 0.675, 20.757423450794143
70, 0.275, 0.45, 0.49524999999999997, 0.475, 0.55, 0.725, 19.862175578741052
71, 0.15, 0.45, 0.5045, 0.5, 0.55625, 0.725, 20.73720787613423
72, 0.2, 0.44375, 0.49887499999999996, 0.5, 0.55, 0.7, 20.655935580264554
73, 0.275, 0.45, 0.503375, 0.5, 0.55, 0.675, 20.82693142361157
74, 0.2, 0.45, 0.502625, 0.5, 0.55, 0.7, 20.76788174157266
75, 0.275, 0.45, 0.50075, 0.5, 0.55, 0.775, 20.718293578213547
76, 0.225, 0.45, 0.495, 0.5, 0.55, 0.725, 20.594731061412865
77, 0.325, 0.45, 0.49800000000000005, 0.5, 0.55, 0.7, 20.626095857045872
78, 0.3, 0.45, 0.502, 0.5, 0.55625, 0.675, 20.6903112308349
79, 0.25, 0.45, 0.49400000000000005, 0.5, 0.55, 0.775, 20.603524033698363
80, 0.275, 0.45, 0.49375, 0.5, 0.55, 0.65, 20.621366953002585
81, 0.275, 0.425, 0.495375, 0.5, 0.55, 0.775, 20.677478992294272
82, 0.275, 0.45, 0.50175, 0.5, 0.575, 0.725, 20.66957057586928
83, 0.3, 0.45, 0.5015, 0.5, 0.55, 0.725, 20.731507170539437
84, 0.3, 0.425, 0.4915, 0.5, 0.55, 0.725, 20.56748365924224
85, 0.3, 0.45, 0.503375, 0.5, 0.55, 0.725, 20.71842517433357
86, 0.275, 0.45, 0.497375, 0.5, 0.55, 0.75, 20.671055323224998
87, 0.3, 0.45, 0.496875, 0.5, 0.55, 0.7, 20.642658423288736
88, 0.25, 0.45, 0.49349999999999994, 0.5, 0.55, 0.7, 20.56575388679532
89, 0.25, 0.425, 0.48775, 0.475, 0.55, 0.7, 19.7105966204723
90, 0.25, 0.45, 0.50325, 0.5, 0.55, 0.725, 20.64170624368073
91, 0.325, 0.45, 0.5038750000000001, 0.5, 0.55, 0.75, 20.691252252691278
92, 0.3, 0.425, 0.49412500000000004, 0.5, 0.55, 0.675, 20.501401546320277
93, 0.3, 0.45, 0.50575, 0.5, 0.575, 0.7, 20.699410896377003
94, 0.3, 0.45, 0.495, 0.5, 0.55, 0.75, 20.466372061060326
95, 0.25, 0.45, 0.504, 0.5, 0.55, 0.675, 20.70652859908374
96, 0.25, 0.45, 0.507625, 0.5, 0.575, 0.75, 20.75330220967711
97, 0.35, 0.44375, 0.5025000000000001, 0.5, 0.55, 0.7, 20.735218025986786
98, 0.275, 0.425, 0.487875, 0.5, 0.525, 0.725, 20.477149311285828
99, 0.3, 0.45, 0.5095, 0.525, 0.575, 0.725, 21.478601995520016
100, 0.275, 0.45, 0.5075000000000001, 0.5, 0.575, 0.775, 20.70041895363946
101, 0.3, 0.45, 0.496375, 0.5, 0.55, 0.725, 20.560951370953127
102, 0.3, 0.45, 0.503, 0.5, 0.55, 0.7, 20.700982711804492
103, 0.3, 0.45, 0.496, 0.5, 0.55, 0.725, 20.674859458089962
104, 0.325, 0.45, 0.51125, 0.5, 0.575, 0.7, 20.818602369935643
105, 0.325, 0.45, 0.50625, 0.5, 0.55, 0.65, 20.829196409496134
106, 0.325, 0.475, 0.5145, 0.525, 0.55, 0.7, 21.568025788083737
107, 0.125, 0.45, 0.505625, 0.5, 0.55, 0.725, 20.734499935883903
108, 0.275, 0.45, 0.500875, 0.5, 0.55, 0.725, 21.074066641294372
109, 0.25, 0.45, 0.5042500000000001, 0.5, 0.55, 0.725, 20.699422170723086
110, 0.275, 0.45, 0.503, 0.5, 0.55, 0.75, 20.71142754854595
111, 0.3, 0.425, 0.4845, 0.475, 0.55, 0.7, 19.678014479765654
112, 0.25, 0.475, 0.515625, 0.525, 0.575, 0.7, 21.543706108199913
113, 0.3, 0.45, 0.501875, 0.5, 0.55, 0.7, 20.684953320527562
114, 0.325, 0.45, 0.5051249999999999, 0.5, 0.575, 0.7, 20.935482667926816
115, 0.275, 0.45, 0.5037499999999999, 0.5, 0.55625, 0.675, 20.62158349524536
116, 0.325, 0.45, 0.49775, 0.5, 0.55, 0.725, 20.642353089103104
117, 0.325, 0.45, 0.5045, 0.5, 0.55, 0.7, 20.679868539515326
118, 0.25, 0.425, 0.492125, 0.5, 0.55, 0.775, 20.536767084980134
119, 0.225, 0.425, 0.49124999999999996, 0.475, 0.55, 0.675, 19.849161736104342
120, 0.25, 0.45, 0.507125, 0.5, 0.55, 0.675, 20.93604119452617
121, 0.325, 0.45, 0.502625, 0.5, 0.55, 0.75, 20.631459794258205
122, 0.275, 0.45, 0.507, 0.525, 0.55, 0.7, 21.46292009211468
123, 0.275, 0.45, 0.496625, 0.5, 0.55, 0.7, 20.6058138861634
124, 0.275, 0.45, 0.5038750000000001, 0.5, 0.55, 0.775, 20.75779992137241
125, 0.25, 0.45, 0.50625, 0.5, 0.55, 0.675, 20.96372774701856
126, 0.3, 0.45, 0.505875, 0.5, 0.575, 0.7, 20.814468661314528
127, 0.25, 0.45, 0.50475, 0.5125, 0.575, 0.7, 21.220765406225034
128, 0.3, 0.45, 0.4995, 0.5, 0.55, 0.725, 20.70954859012344
129, 0.3, 0.45, 0.503625, 0.5, 0.55, 0.775, 20.756157395133513
130, 0.3, 0.45, 0.49450000000000005, 0.5, 0.55, 0.7, 20.5639156616036
131, 0.275, 0.44375, 0.496, 0.5, 0.55, 0.75, 20.567645741897962
132, 0.275, 0.45, 0.502625, 0.5, 0.55, 0.7, 20.84329642068735
133, 0.225, 0.425, 0.493, 0.5, 0.55, 0.725, 20.561596462918928
134, 0.325, 0.45, 0.50125, 0.5, 0.55, 0.7, 20.719924771138572
135, 0.275, 0.45, 0.5078750000000001, 0.5, 0.55, 0.7, 20.829648100402675
136, 0.325, 0.45, 0.50675, 0.5, 0.55, 0.75, 21.03707493003127
137, 0.3, 0.425, 0.495875, 0.5, 0.55, 0.7, 20.658736312779947
138, 0.25, 0.44375, 0.491125, 0.5, 0.55, 0.65, 20.53089154897382
139, 0.275, 0.45, 0.497375, 0.5, 0.55, 0.725, 20.53537698379166
140, 0.325, 0.45, 0.499625, 0.5, 0.55, 0.725, 20.717129137822074
141, 0.3, 0.45, 0.499125, 0.5, 0.55, 0.725, 20.79028703793322
142, 0.275, 0.45, 0.500625, 0.5, 0.55625, 0.7, 20.6998866225115
143, 0.325, 0.45, 0.512, 0.5125, 0.55, 0.775, 21.18076987710601
144, 0.275, 0.45, 0.500875, 0.5, 0.55, 0.725, 20.82513621993951
145, 0.3, 0.45, 0.49725, 0.5, 0.55, 0.7, 20.631301615240385
146, 0.275, 0.45, 0.503625, 0.5, 0.55625, 0.7, 20.69283584715355
147, 0.3, 0.45, 0.49375, 0.5, 0.55, 0.675, 20.620981457204294
148, 0.2, 0.425, 0.4885, 0.475, 0.55, 0.675, 19.94904613032739
149, 0.275, 0.45, 0.50575, 0.5, 0.55, 0.7, 20.857969884908837
150, 0.3, 0.45, 0.504625, 0.5, 0.55, 0.725, 20.872251528921108
151, 0.275, 0.425, 0.48975, 0.4875, 0.55, 0.7, 20.234497216714587
152, 0.275, 0.45, 0.496375, 0.5, 0.55, 0.725, 20.611273247481343
153, 0.275, 0.45, 0.49412500000000004, 0.5, 0.55, 0.675, 20.629159282112425
154, 0.3, 0.45, 0.4965, 0.5, 0.55, 0.725, 20.531423893534413
155, 0.225, 0.45, 0.49275, 0.5, 0.55, 0.7, 20.578367060873276
156, 0.25, 0.425, 0.48875, 0.5, 0.55, 0.7, 20.53930506789481
157, 0.275, 0.425, 0.49800000000000005, 0.5, 0.575, 0.7, 20.6811312767176
158, 0.275, 0.45, 0.501875, 0.5, 0.55, 0.775, 20.721607214712424
159, 0.25, 0.45, 0.4955, 0.5, 0.55, 0.675, 20.541172984351178
160, 0.3, 0.45, 0.496625, 0.5, 0.55, 0.75, 20.57660600322957
161, 0.225, 0.45, 0.500875, 0.5, 0.55, 0.875, 20.614657294442402
162, 0.25, 0.45, 0.49424999999999997, 0.475, 0.55, 0.725, 19.758620056311464
163, 0.325, 0.45, 0.49887499999999996, 0.5, 0.55, 0.725, 20.66408145455442
164, 0.275, 0.45, 0.505, 0.5, 0.55, 0.725, 20.671247541784428
165, 0.3, 0.45, 0.50625, 0.5, 0.575, 0.7, 20.765681816008126
166, 0.225, 0.425, 0.49275, 0.5, 0.55, 0.7, 20.5646458169837
167, 0.325, 0.45, 0.50875, 0.5, 0.55, 0.675, 20.727062787502973
168, 0.275, 0.425, 0.492, 0.5, 0.55, 0.675, 20.415813390162782
169, 0.3, 0.45, 0.509875, 0.5, 0.55, 0.7, 20.717660736854565
170, 0.3, 0.44375, 0.49124999999999996, 0.5, 0.55, 0.675, 20.531083088396766
171, 0.275, 0.45, 0.495, 0.5, 0.55, 0.65, 20.593489389767964
172, 0.25, 0.425, 0.487625, 0.475, 0.55, 0.7, 19.785751584129255
173, 0.3, 0.45, 0.497, 0.5, 0.55, 0.7, 20.614932918109364
174, 0.275, 0.425, 0.48949999999999994, 0.4875, 0.525, 0.75, 20.148918903184487
175, 0.25, 0.425, 0.487875, 0.475, 0.55, 0.75, 19.790099956846912
176, 0.325, 0.425, 0.488375, 0.475, 0.55, 0.7, 19.645493980824646
177, 0.3, 0.425, 0.48425, 0.475, 0.55, 0.725, 19.639091101489786
178, 0.2, 0.45, 0.49762500000000004, 0.5, 0.55, 0.7, 20.632425083150263
179, 0.25, 0.45, 0.491375, 0.5, 0.55, 0.75, 20.647124540892605
180, 0.3, 0.45, 0.499375, 0.5, 0.55, 0.725, 20.660438478661597
181, 0.275, 0.45, 0.495375, 0.5, 0.55, 0.725, 20.667958986032957
182, 0.3, 0.45, 0.496375, 0.5, 0.55, 0.725, 20.626148893131386
183, 0.25, 0.425, 0.485, 0.4875, 0.55, 0.7, 20.19168580724798
184, 0.225, 0.45, 0.494625, 0.5, 0.55, 0.7, 20.642766843969106
185, 0.225, 0.45, 0.499875, 0.5, 0.55, 0.85, 20.583441346707076
186, 0.275, 0.45, 0.49574999999999997, 0.5, 0.55, 0.7, 20.486439153955793
187, 0.275, 0.45, 0.49712500000000004, 0.5, 0.55, 0.75, 20.59062212670934
188, 0.225, 0.45, 0.4955, 0.5, 0.55, 0.8, 20.57477979102594
189, 0.275, 0.45, 0.49824999999999997, 0.5, 0.55, 0.7, 20.5530447155261
190, 0.225, 0.44375, 0.502125, 0.5, 0.575, 0.725, 20.627559891914522
191, 0.25, 0.425, 0.497375, 0.5, 0.55, 0.775, 20.64757675195851
192, 0.275, 0.425, 0.497, 0.5, 0.55, 0.75, 20.517280713323437
193, 0.175, 0.45, 0.499625, 0.5, 0.55, 0.75, 20.66615199601813
194, 0.2, 0.425, 0.491125, 0.5, 0.55, 0.7, 20.594691940137015
195, 0.275, 0.45, 0.502375, 0.5, 0.55, 0.725, 20.629131733063993
196, 0.25, 0.45, 0.49474999999999997, 0.5, 0.55, 0.725, 20.59152147731713
197, 0.275, 0.44375, 0.49574999999999997, 0.5, 0.575, 0.725, 20.654232613339083
198, 0.175, 0.45, 0.493375, 0.5, 0.55, 0.7, 20.441711263477494
199, 0.25, 0.45, 0.500875, 0.5, 0.55, 0.8, 20.55676165205483
200, 0.225, 0.45, 0.495125, 0.5, 0.55, 0.85, 20.600674651945575
201, 0.225, 0.44375, 0.48562500000000003, 0.475, 0.55, 0.675, 19.789616169388907
202, 0.275, 0.45, 0.498625, 0.5, 0.55, 0.675, 20.658170648719963
203, 0.25, 0.45, 0.492625, 0.5, 0.55, 0.675, 20.57397714002994
204, 0.3, 0.44375, 0.49362500000000004, 0.5, 0.55, 0.725, 20.542845869186962
205, 0.3, 0.45, 0.501625, 0.5, 0.55, 0.75, 20.65786359877128
206, 0.275, 0.44375, 0.501125, 0.5, 0.575, 0.75, 20.664824754921014
207, 0.325, 0.45, 0.500375, 0.5, 0.575, 0.7, 20.634397252924316
208, 0.225, 0.45, 0.504375, 0.5, 0.575, 0.725, 20.68053578277214
209, 0.25, 0.425, 0.48575, 0.4875, 0.55, 0.7, 20.116661226362517
210, 0.25, 0.45, 0.49074999999999996, 0.5, 0.55, 0.725, 20.54052916296269
211, 0.3, 0.45, 0.49625, 0.5, 0.55, 0.725, 20.614268672586945
212, 0.225, 0.425, 0.49349999999999994, 0.4875, 0.55, 0.675, 20.054075236176374
213, 0.25, 0.45, 0.508375, 0.5, 0.55, 0.825, 20.77793683474659
214, 0.3, 0.45, 0.49887499999999996, 0.5, 0.55, 0.75, 20.622568334402697
215, 0.275, 0.45, 0.495125, 0.5, 0.55, 0.675, 20.477645236405827
216, 0.275, 0.45, 0.50225, 0.5, 0.55, 0.725, 20.626021436843324
217, 0.325, 0.45, 0.499625, 0.5, 0.55, 0.725, 20.58820372150466
218, 0.3, 0.45, 0.499875, 0.5, 0.55, 0.725, 20.6842022074337
219, 0.275, 0.45, 0.507625, 0.5, 0.575, 0.75, 20.730052278480844
220, 0.25, 0.425, 0.495125, 0.5, 0.55, 0.8, 20.589037482740558
221, 0.25, 0.45, 0.4995, 0.5, 0.55, 0.675, 20.652094245346618
222, 0.3, 0.45, 0.49574999999999997, 0.5, 0.55, 0.775, 20.45554043526986
223, 0.25, 0.45, 0.497375, 0.5, 0.55, 0.725, 20.550233126514605
224, 0.325, 0.45, 0.5042500000000001, 0.5, 0.55625, 0.75, 20.654026496986305
225, 0.3, 0.45, 0.50625, 0.5, 0.575, 0.75, 20.664721549641698
226, 0.275, 0.45, 0.506375, 0.5, 0.55625, 0.75, 20.69813370703347
227, 0.325, 0.425, 0.49725, 0.5, 0.55, 0.8, 20.6011651710797
228, 0.25, 0.45, 0.50625, 0.5, 0.575, 0.725, 20.657033339404304
229, 0.25, 0.45, 0.510625, 0.5, 0.575, 0.725, 20.867289375662992
230, 0.3, 0.45, 0.512875, 0.525, 0.575, 0.725, 21.508808602666143
231, 0.3, 0.45, 0.505625, 0.5, 0.55625, 0.725, 20.678166113180787
232, 0.3, 0.45, 0.505625, 0.5, 0.55, 0.725, 20.818385711534308
233, 0.275, 0.45, 0.49574999999999997, 0.5, 0.55, 0.7, 20.57435163594824
234, 0.275, 0.45, 0.500625, 0.5, 0.55, 0.8, 20.581970280560427
235, 0.275, 0.425, 0.48600000000000004, 0.5, 0.55, 0.675, 20.537375257773093
236, 0.275, 0.425, 0.496375, 0.5, 0.55, 0.725, 20.656482087527053
237, 0.25, 0.45, 0.49124999999999996, 0.5, 0.55, 0.7, 20.583868606837562
238, 0.325, 0.425, 0.491, 0.4875, 0.55, 0.675, 20.108488447079456
239, 0.3, 0.425, 0.48925, 0.475, 0.55, 0.725, 19.735961659534894
240, 0.3, 0.425, 0.485375, 0.475, 0.55, 0.725, 19.63654275241893
241, 0.275, 0.425, 0.49450000000000005, 0.5, 0.55, 0.8, 20.59626384154567
242, 0.3, 0.45, 0.49749999999999994, 0.5, 0.55, 0.7, 20.67569858830679
243, 0.275, 0.44375, 0.495375, 0.5, 0.55, 0.8, 20.58220566865261
244, 0.275, 0.45, 0.49675, 0.5, 0.55, 0.7, 20.633411662692115
245, 0.25, 0.45, 0.506375, 0.5, 0.575, 0.75, 20.734880530569065
246, 0.3, 0.425, 0.49375, 0.5, 0.55, 0.725, 20.503314718874407
247, 0.275, 0.45, 0.5038750000000001, 0.5, 0.55625, 0.7, 20.68908058561928
248, 0.3, 0.45, 0.49400000000000005, 0.5, 0.55, 0.7, 20.510990187570666
249, 0.325, 0.45, 0.493375, 0.5, 0.55, 0.725, 20.4863094377037
250, 0.275, 0.45, 0.5045, 0.5, 0.575, 0.7, 20.629330353096467
251, 0.275, 0.425, 0.4915, 0.5, 0.55, 0.7, 20.532849643377766
252, 0.25, 0.45, 0.5002500000000001, 0.5, 0.55, 0.725, 20.549136459903096
253, 0.2, 0.45, 0.500875, 0.5, 0.55, 0.725, 20.633613322703013
254, 0.25, 0.45, 0.494625, 0.5, 0.55, 0.7, 20.48115621500821
255, 0.3, 0.45, 0.497375, 0.5, 0.55, 0.85, 20.64271083008994
256, 0.275, 0.425, 0.492375, 0.5, 0.55, 0.775, 20.483031876152722
257, 0.3, 0.45, 0.51, 0.5, 0.575, 0.8, 20.748949932507493
258, 0.3, 0.45, 0.506, 0.5, 0.55, 0.675, 20.70377173320069
259, 0.3, 0.425, 0.493375, 0.5, 0.55, 0.7, 20.627074708887626
260, 0.325, 0.45, 0.5015, 0.5, 0.55, 0.725, 20.726168380351126
261, 0.225, 0.45, 0.509875, 0.5, 0.575, 0.725, 20.67553742560833
262, 0.25, 0.44375, 0.49474999999999997, 0.5, 0.55, 0.725, 20.59965294674186
263, 0.275, 0.45, 0.491625, 0.475, 0.55, 0.725, 19.822644136671187
264, 0.325, 0.45, 0.5025000000000001, 0.5, 0.55, 0.7, 20.653900062410358
265, 0.275, 0.45, 0.496125, 0.5, 0.55, 0.7, 20.551944755626533
266, 0.225, 0.425, 0.491125, 0.5, 0.55, 0.7, 20.603156309461443
267, 0.275, 0.45, 0.500625, 0.5, 0.55, 0.725, 20.627980387500756
268, 0.325, 0.45, 0.49887499999999996, 0.5, 0.55, 0.7, 20.70686196260977
269, 0.325, 0.45, 0.49924999999999997, 0.5, 0.55, 0.725, 20.775438800394458
270, 0.3, 0.45, 0.5042500000000001, 0.5, 0.55, 0.7, 20.66704581096748
271, 0.275, 0.45, 0.5085, 0.5, 0.55, 0.7, 20.74542207380968
272, 0.25, 0.45, 0.496875, 0.5, 0.55, 0.7, 20.60276127094549
273, 0.3, 0.45, 0.502875, 0.5, 0.575, 0.7, 20.50420103212396
274, 0.3, 0.45, 0.506625, 0.5, 0.55, 0.75, 20.68790425934982
275, 0.3, 0.45, 0.502875, 0.5, 0.575, 0.7, 20.706365849023868
276, 0.3, 0.425, 0.49349999999999994, 0.5, 0.55, 0.7, 20.612260170754546
277, 0.25, 0.45, 0.510625, 0.5, 0.55, 0.775, 20.82436967385808
278, 0.275, 0.45, 0.502375, 0.5, 0.575, 0.75, 20.636150950919586
279, 0.225, 0.45, 0.502625, 0.5, 0.55, 0.75, 20.652775815711966
280, 0.3, 0.45, 0.505625, 0.5, 0.55, 0.7, 20.8262419404609
281, 0.3, 0.45, 0.504875, 0.5, 0.55, 0.7, 20.65347045032797
282, 0.3, 0.45, 0.49762500000000004, 0.5, 0.55, 0.75, 20.49141327547016
283, 0.35, 0.45, 0.5001249999999999, 0.5, 0.55, 0.75, 20.591234786366538
284, 0.3, 0.425, 0.4885, 0.5, 0.55, 0.7, 20.32454436173399
285, 0.275, 0.45, 0.492875, 0.5, 0.55, 0.75, 20.552254404896225
286, 0.275, 0.44375, 0.493, 0.5, 0.55, 0.7, 20.541322139889964
287, 0.3, 0.425, 0.49362500000000004, 0.5, 0.55, 0.725, 20.581506617941162
288, 0.325, 0.45, 0.49887499999999996, 0.5, 0.55, 0.75, 20.62558550517502
289, 0.275, 0.45, 0.49812500000000004, 0.5, 0.55, 0.7, 20.67188479086169
290, 0.325, 0.44375, 0.495125, 0.475, 0.55, 0.725, 19.86333504133995
291, 0.35, 0.45, 0.5081249999999999, 0.5, 0.55, 0.725, 20.698607011760394
292, 0.3, 0.45, 0.49824999999999997, 0.5, 0.55, 0.675, 20.54460021961105
293, 0.325, 0.45, 0.508375, 0.5, 0.575, 0.775, 20.825687966336815
294, 0.225, 0.45, 0.49775, 0.5, 0.55, 0.7, 20.70978190608335
295, 0.275, 0.45, 0.49275, 0.475, 0.55, 0.65, 19.722895322131155
296, 0.325, 0.425, 0.490625, 0.4875, 0.55, 0.75, 20.256534390366227
297, 0.3, 0.45, 0.49725, 0.5, 0.55, 0.725, 20.61032622229076
298, 0.275, 0.45, 0.49924999999999997, 0.5, 0.55, 0.725, 20.641468050236956
299, 0.3, 0.45, 0.5038750000000001, 0.5, 0.575, 0.675, 20.722654429013446
300, 0.3, 0.45, 0.5001249999999999, 0.5, 0.55, 0.75, 20.887376348188155
301, 0.325, 0.45, 0.506625, 0.5, 0.575, 0.75, 20.680627823446187
302, 0.275, 0.425, 0.491875, 0.5, 0.53125, 0.7, 20.612428972749655
303, 0.275, 0.425, 0.496125, 0.5, 0.55, 0.725, 20.6355535158514
304, 0.275, 0.45, 0.508, 0.5, 0.55, 0.7, 20.77892919190718
305, 0.25, 0.425, 0.496375, 0.5, 0.55, 0.75, 20.546651477497416
306, 0.225, 0.45, 0.501375, 0.5, 0.575, 0.725, 20.816581700580016
307, 0.225, 0.45, 0.503625, 0.5125, 0.55625, 0.75, 21.24164884555354
308, 0.325, 0.45, 0.49725, 0.5, 0.55, 0.75, 20.694496106002667
309, 0.275, 0.45, 0.505875, 0.5, 0.55625, 0.7, 20.698814836570293
310, 0.275, 0.45, 0.50175, 0.5, 0.575, 0.7, 20.693385896774238
311, 0.3, 0.45, 0.496875, 0.5, 0.55, 0.675, 20.639152257090565
312, 0.3, 0.45, 0.501875, 0.5, 0.55, 0.725, 20.614006954270412
313, 0.3, 0.45, 0.4995, 0.5, 0.55, 0.725, 20.69779939673683
314, 0.275, 0.45, 0.5002500000000001, 0.4875, 0.55, 0.725, 20.203484975934593
315, 0.275, 0.45, 0.49387499999999995, 0.5, 0.55, 0.725, 20.620640156056208
316, 0.275, 0.45, 0.497375, 0.5, 0.55, 0.7, 20.53400786513539
317, 0.3, 0.45, 0.4955, 0.5, 0.55, 0.725, 20.602932630822302
318, 0.275, 0.45, 0.50725, 0.5, 0.575, 0.75, 20.740525441540257
319, 0.275, 0.45, 0.50125, 0.5, 0.55, 0.75, 20.639116858888052
320, 0.25, 0.45, 0.50575, 0.5, 0.55, 0.775, 20.849849836813604
321, 0.325, 0.45, 0.49850000000000005, 0.5, 0.55, 0.725, 20.62848551521835
322, 0.275, 0.45, 0.5115000000000001, 0.5, 0.55, 0.725, 20.744327175909312
323, 0.325, 0.45, 0.492125, 0.5, 0.55, 0.725, 20.49817377029815
324, 0.325, 0.45, 0.5041249999999999, 0.5, 0.55, 0.725, 20.64916427627761
325, 0.275, 0.45, 0.5041249999999999, 0.5, 0.55, 0.7, 20.719603022385183
326, 0.325, 0.45, 0.5045, 0.5, 0.55, 0.7, 20.771317333373872
327, 0.275, 0.45, 0.50725, 0.5, 0.55, 0.725, 20.775008496750495
328, 0.275, 0.45, 0.50975, 0.5, 0.55, 0.725, 20.800496674028487
329, 0.275, 0.44375, 0.499125, 0.5, 0.55, 0.725, 20.623263664475086
330, 0.225, 0.425, 0.49375, 0.5, 0.55, 0.7, 20.520161330752515
331, 0.275, 0.45, 0.49974999999999997, 0.5, 0.55, 0.7, 20.647639640339488
332, 0.275, 0.45, 0.508, 0.5, 0.575, 0.75, 20.69917039786653
333, 0.225, 0.45, 0.506875, 0.5, 0.575, 0.7, 20.820374918268357
334, 0.325, 0.45, 0.49775, 0.5, 0.55, 0.725, 20.528300471597987
335, 0.25, 0.425, 0.493, 0.5, 0.55, 0.675, 20.57608098433187
336, 0.2, 0.425, 0.4875, 0.5, 0.55, 0.725, 20.47038033943982
337, 0.2, 0.45, 0.51425, 0.525, 0.575, 0.775, 21.535231828038768
338, 0.225, 0.45, 0.50525, 0.5, 0.55625, 0.75, 20.79460841311233
339, 0.25, 0.45, 0.4995, 0.5, 0.55, 0.725, 20.60737414227371
340, 0.3, 0.45, 0.500875, 0.5, 0.55, 0.725, 20.61939134282694
341, 0.3, 0.45, 0.49887499999999996, 0.5, 0.55, 0.7, 20.613308397800353
342, 0.275, 0.45, 0.502625, 0.5, 0.575, 0.7, 20.666469285942576
343, 0.275, 0.45, 0.492625, 0.5, 0.55, 0.75, 20.52263309053559
344, 0.325, 0.45, 0.49775, 0.5, 0.55, 0.725, 20.513046652335696
345, 0.3, 0.45, 0.51125, 0.5, 0.575, 0.725, 20.857057816925728
346, 0.275, 0.45, 0.505625, 0.5, 0.55, 0.75, 20.648486377966325
347, 0.3, 0.475, 0.510125, 0.5, 0.575, 0.725, 20.733014300658596
348, 0.3, 0.45, 0.5135, 0.525, 0.575, 0.75, 21.567402844671264
349, 0.325, 0.46875, 0.515625, 0.525, 0.575, 0.7, 21.59316034217241
350, 0.3, 0.45, 0.5045, 0.5, 0.55, 0.775, 20.580945767423835
351, 0.275, 0.425, 0.493375, 0.5, 0.55, 0.675, 20.62853948943444
352, 0.275, 0.45, 0.49974999999999997, 0.5, 0.55, 0.725, 20.555873324862624
353, 0.325, 0.45, 0.514, 0.5, 0.575, 0.7, 20.87211971814071
354, 0.25, 0.45, 0.499375, 0.5, 0.55, 0.7, 20.66052880590611
355, 0.325, 0.45, 0.505375, 0.5, 0.55, 0.75, 20.673639025620048
356, 0.275, 0.45, 0.504375, 0.5, 0.575, 0.75, 20.59257047077172
357, 0.225, 0.45, 0.508875, 0.525, 0.55625, 0.7, 21.542651975510715
358, 0.3, 0.45, 0.503625, 0.5, 0.575, 0.7, 20.631934841090633
359, 0.3, 0.45, 0.504375, 0.5, 0.55, 0.725, 20.74102033411906
360, 0.225, 0.45, 0.513375, 0.5, 0.575, 0.775, 20.809159045817097
361, 0.225, 0.425, 0.49437499999999995, 0.5, 0.55, 0.825, 20.682565228960847
362, 0.3, 0.45, 0.515125, 0.525, 0.575, 0.725, 21.495224411143642
363, 0.275, 0.45, 0.49824999999999997, 0.5, 0.55, 0.675, 20.614383302113918
364, 0.3, 0.45, 0.503125, 0.5, 0.55, 0.7, 20.707719264062042
365, 0.275, 0.45, 0.49800000000000005, 0.5, 0.55, 0.775, 20.594046058663064
366, 0.325, 0.45, 0.502, 0.5, 0.55, 0.775, 20.731005089030095
367, 0.225, 0.45, 0.50525, 0.5, 0.575, 0.725, 20.851641976660446
368, 0.225, 0.425, 0.49712500000000004, 0.5, 0.55, 0.8, 20.628677443162257
369, 0.325, 0.45, 0.504, 0.5, 0.575, 0.725, 20.654124083222307
370, 0.225, 0.46875, 0.5118750000000001, 0.5, 0.575, 0.75, 20.79088250471696
371, 0.275, 0.45, 0.506, 0.5, 0.55, 0.75, 20.710515609106256
372, 0.3, 0.475, 0.5121249999999999, 0.5125, 0.55625, 0.75, 21.19677252467906
373, 0.35, 0.45, 0.505, 0.5, 0.55, 0.75, 20.683222201914923
374, 0.3, 0.45, 0.499375, 0.5, 0.55, 0.725, 20.725861197949683
375, 0.275, 0.45, 0.510625, 0.5, 0.575, 0.75, 20.723007129723285
376, 0.325, 0.45, 0.50225, 0.5, 0.55, 0.7, 20.8094780720076
377, 0.25, 0.45, 0.50675, 0.525, 0.55625, 0.7, 21.497200287885402
378, 0.275, 0.45, 0.51075, 0.5, 0.575, 0.725, 20.728835835047555
379, 0.25, 0.45, 0.502125, 0.5, 0.55, 0.725, 20.61107383489918
380, 0.275, 0.475, 0.509625, 0.525, 0.55, 0.7, 21.590910800047297
381, 0.3, 0.45, 0.500375, 0.5, 0.55, 0.725, 20.637284623805073
382, 0.275, 0.45, 0.5118750000000001, 0.525, 0.575, 0.75, 21.57311912991407
383, 0.3, 0.46875, 0.511625, 0.525, 0.575, 0.775, 21.47142846406262
384, 0.325, 0.45, 0.513375, 0.5, 0.575, 0.725, 20.82619821703868
385, 0.3, 0.45, 0.5035000000000001, 0.5, 0.55, 0.75, 20.64710766169015
386, 0.275, 0.45, 0.5065000000000001, 0.5, 0.575, 0.725, 20.7224243487535
387, 0.225, 0.45, 0.5037499999999999, 0.5, 0.55, 0.725, 20.760829287668344
388, 0.275, 0.45, 0.51275, 0.5, 0.575, 0.725, 20.836829946630345
389, 0.25, 0.45, 0.508625, 0.5, 0.575, 0.725, 20.681139910139876
390, 0.325, 0.45, 0.50675, 0.5, 0.575, 0.8, 20.642613410194052
391, 0.275, 0.45, 0.502125, 0.5, 0.575, 0.725, 20.638840908562837
392, 0.3, 0.45, 0.500375, 0.5, 0.55, 0.675, 20.612849456868837
393, 0.3, 0.45, 0.50925, 0.5, 0.575, 0.725, 20.89243567332591
394, 0.325, 0.45, 0.506375, 0.5, 0.55, 0.75, 20.755171901693096
395, 0.35, 0.45, 0.5118750000000001, 0.525, 0.575, 0.725, 21.487752059740288
396, 0.3, 0.44375, 0.49349999999999994, 0.5, 0.55, 0.725, 20.587660240249257
397, 0.3, 0.45, 0.502875, 0.5, 0.55, 0.725, 20.59918114735382
398, 0.3, 0.45, 0.5045, 0.5, 0.55, 0.775, 20.69030071437419
399, 0.225, 0.45, 0.5065000000000001, 0.5, 0.575, 0.725, 20.78779577349519
400, 0.275, 0.45, 0.50925, 0.5, 0.575, 0.775, 20.75940981197923
401, 0.3, 0.45, 0.504875, 0.5, 0.575, 0.675, 20.710575825486472
402, 0.35, 0.45, 0.502375, 0.5, 0.55, 0.775, 20.538165113261297
403, 0.325, 0.45, 0.516375, 0.525, 0.575, 0.725, 21.522304414641
404, 0.325, 0.45, 0.5145, 0.525, 0.55, 0.725, 21.51673516230891
405, 0.325, 0.475, 0.510625, 0.5, 0.55, 0.7, 20.871513340835282
406, 0.2, 0.45, 0.505625, 0.5, 0.575, 0.7, 20.705928670790904
407, 0.275, 0.45, 0.511125, 0.5125, 0.575, 0.75, 21.12735823207355
408, 0.275, 0.45, 0.512875, 0.5, 0.575, 0.725, 20.82221566121182
409, 0.25, 0.45, 0.507, 0.5, 0.55, 0.775, 20.680566435136036
410, 0.275, 0.45, 0.5181250000000001, 0.525, 0.575, 0.725, 21.606741359268725
411, 0.325, 0.45, 0.5038750000000001, 0.5, 0.55, 0.7, 20.621197951025223
412, 0.25, 0.45, 0.500875, 0.5, 0.55, 0.775, 20.64826229630298
413, 0.3, 0.45, 0.50625, 0.5, 0.55, 0.7, 20.65295093280702
414, 0.275, 0.45, 0.499375, 0.5, 0.55, 0.75, 20.542132799621406
415, 0.3, 0.45, 0.50675, 0.5, 0.55, 0.8, 20.622763077149184
416, 0.2, 0.44375, 0.49712500000000004, 0.5, 0.55, 0.725, 20.634028952913525
417, 0.25, 0.475, 0.5221250000000001, 0.525, 0.575, 0.8, 21.5555857632773
418, 0.25, 0.45, 0.505, 0.5, 0.55, 0.7, 20.707969834296698
419, 0.275, 0.45, 0.504, 0.5, 0.55, 0.675, 20.608286242584647
420, 0.275, 0.45, 0.50525, 0.5, 0.55, 0.75, 20.650591012737756
421, 0.325, 0.475, 0.519625, 0.525, 0.575, 0.725, 21.63548262191255
422, 0.3, 0.45, 0.5085, 0.5, 0.575, 0.7, 20.75060487741584
423, 0.225, 0.475, 0.521, 0.525, 0.575, 0.725, 21.53584611804571
424, 0.25, 0.45, 0.5118750000000001, 0.5, 0.575, 0.75, 20.64623059434666
425, 0.275, 0.45, 0.51075, 0.5, 0.575, 0.775, 20.67639008870261
426, 0.3, 0.475, 0.51825, 0.525, 0.575, 0.75, 21.55734705927175
427, 0.3, 0.45, 0.5055, 0.5, 0.575, 0.725, 20.62156881883729
428, 0.275, 0.45, 0.517875, 0.525, 0.575, 0.75, 21.610990833638745
429, 0.3, 0.45, 0.508875, 0.5, 0.55625, 0.7, 20.781664487513503
430, 0.2, 0.475, 0.5245, 0.525, 0.575, 0.75, 21.825360794844542
431, 0.35, 0.45, 0.5231250000000001, 0.525, 0.6, 0.75, 21.60152890265988
432, 0.275, 0.45, 0.5042500000000001, 0.5, 0.55, 0.725, 20.79239077786825
433, 0.3, 0.45, 0.508, 0.5, 0.55, 0.775, 20.66459225253824
434, 0.25, 0.475, 0.514875, 0.525, 0.575, 0.775, 21.57989669695297
435, 0.3, 0.45, 0.509375, 0.5, 0.55625, 0.75, 20.672730200474977
436, 0.3, 0.45, 0.510875, 0.5125, 0.575, 0.75, 21.171138834644424
437, 0.2, 0.45, 0.508, 0.5, 0.575, 0.7, 20.72010792011741
438, 0.275, 0.45, 0.507625, 0.5, 0.575, 0.75, 20.697983828370553
439, 0.225, 0.45, 0.503625, 0.5, 0.55, 0.725, 20.616952834202063
440, 0.3, 0.45, 0.51325, 0.5, 0.575, 0.725, 20.6418385787321
441, 0.3, 0.44375, 0.493, 0.5, 0.525, 0.725, 20.465225249785895
442, 0.275, 0.475, 0.5235000000000001, 0.525, 0.575, 0.75, 21.620986843293586
443, 0.3, 0.45, 0.5125, 0.5, 0.575, 0.7, 20.671685059402552
444, 0.275, 0.45, 0.50925, 0.5, 0.55, 0.7, 20.7988561405846
445, 0.35, 0.45, 0.511, 0.5, 0.575, 0.725, 20.66791435313644
446, 0.3, 0.45, 0.512875, 0.525, 0.575, 0.725, 21.42516000513916
447, 0.3, 0.45, 0.5085, 0.525, 0.55, 0.7, 21.490697623374643
448, 0.3, 0.45, 0.510625, 0.5, 0.575, 0.75, 20.727532576242865
449, 0.25, 0.45, 0.5077499999999999, 0.5, 0.55, 0.725, 20.631418987792767
450, 0.225, 0.45, 0.49824999999999997, 0.5, 0.55, 0.7, 20.581831217230157
451, 0.25, 0.475, 0.521875, 0.525, 0.575, 0.725, 21.599241431738065
452, 0.275, 0.45, 0.504, 0.5, 0.55, 0.775, 20.637932440914838
453, 0.3, 0.45, 0.5005, 0.5, 0.55, 0.675, 20.643378622602352
454, 0.3, 0.45, 0.506625, 0.5, 0.55, 0.75, 20.695733379477264
455, 0.25, 0.45, 0.5078750000000001, 0.5, 0.55, 0.725, 20.6499387583163
456, 0.275, 0.45, 0.50125, 0.5, 0.55, 0.775, 20.547140609624616
457, 0.325, 0.475, 0.518625, 0.5, 0.575, 0.75, 20.776377311554008
458, 0.325, 0.475, 0.52725, 0.525, 0.575, 0.75, 21.617544864505838
459, 0.3, 0.45, 0.5095, 0.5, 0.575, 0.725, 20.708672754167644
460, 0.25, 0.45, 0.49725, 0.5, 0.55, 0.675, 20.590137244656255
461, 0.325, 0.45, 0.517625, 0.525, 0.575, 0.725, 21.52958555404188
462, 0.275, 0.45, 0.5075000000000001, 0.5, 0.575, 0.725, 20.686466546565768
463, 0.3, 0.45, 0.5081249999999999, 0.525, 0.55, 0.675, 21.556056518151223
464, 0.325, 0.45, 0.506375, 0.525, 0.575, 0.7, 21.519721333782943
465, 0.325, 0.45, 0.51075, 0.5, 0.575, 0.7, 20.783727432618925
466, 0.275, 0.45, 0.506375, 0.5, 0.55, 0.725, 20.639827986807756
467, 0.325, 0.45, 0.5115000000000001, 0.5, 0.575, 0.775, 20.78093028428966
468, 0.25, 0.45, 0.505875, 0.5, 0.575, 0.7, 20.678354865795857
469, 0.325, 0.45, 0.5175, 0.525, 0.575, 0.75, 21.56151071398621
470, 0.275, 0.45, 0.5115000000000001, 0.5, 0.575, 0.75, 20.834010572846374
471, 0.325, 0.45, 0.49887499999999996, 0.5, 0.55, 0.775, 20.622006978622966
472, 0.3, 0.475, 0.524875, 0.525, 0.575, 0.775, 21.553455255950208
473, 0.3, 0.45, 0.513875, 0.5125, 0.575, 0.725, 21.18251851843491
474, 0.25, 0.425, 0.49225, 0.4875, 0.55, 0.725, 20.108604427577813
475, 0.275, 0.45, 0.49275, 0.5, 0.55, 0.7, 20.55116169613906
476, 0.3, 0.45, 0.5077499999999999, 0.5, 0.575, 0.75, 20.623310090052456
477, 0.275, 0.45, 0.5037499999999999, 0.5, 0.55625, 0.725, 20.57764347275896
478, 0.275, 0.45, 0.5117499999999999, 0.5, 0.575, 0.725, 20.99535847970175
479, 0.325, 0.45, 0.516, 0.525, 0.575, 0.725, 21.549181747290568
480, 0.3, 0.45, 0.506, 0.5, 0.55, 0.725, 20.75998037476097
481, 0.3, 0.45, 0.505, 0.5, 0.55, 0.7, 20.578843585994967
482, 0.325, 0.475, 0.517125, 0.525, 0.575, 0.725, 21.49890737469366
483, 0.3, 0.45, 0.51275, 0.525, 0.575, 0.675, 21.61572601757316
484, 0.275, 0.45, 0.5042500000000001, 0.5, 0.575, 0.7, 20.620399545016777
485, 0.3, 0.45, 0.513375, 0.5, 0.575, 0.725, 20.89675955077965
486, 0.25, 0.45, 0.502, 0.5, 0.55625, 0.7, 20.667058406023674
487, 0.275, 0.45, 0.50275, 0.5125, 0.55, 0.725, 21.1734931655509
488, 0.275, 0.45, 0.5115000000000001, 0.5, 0.575, 0.75, 20.814477203820246
489, 0.25, 0.45, 0.51225, 0.5, 0.575, 0.775, 20.70019358305214
490, 0.325, 0.475, 0.520375, 0.525, 0.575, 0.75, 21.613630472483536
491, 0.325, 0.45, 0.509625, 0.5, 0.575, 0.725, 20.602414769705085
492, 0.3, 0.45, 0.518375, 0.5, 0.575, 0.725, 20.769135957528285
493, 0.275, 0.45, 0.50075, 0.5, 0.55, 0.725, 20.558219779204343
494, 0.325, 0.475, 0.5121249999999999, 0.5, 0.55, 0.775, 20.684054170590933
495, 0.275, 0.45, 0.509375, 0.525, 0.55, 0.75, 21.51795084023623
496, 0.35, 0.475, 0.51825, 0.525, 0.55, 0.75, 21.571629697215403
497, 0.275, 0.45, 0.50875, 0.525, 0.55, 0.725, 21.479613474622745
498, 0.3, 0.45, 0.513875, 0.5, 0.575, 0.775, 20.836378337489208
499, 0.325, 0.425, 0.492625, 0.5, 0.55, 0.725, 20.583351680628233
500, 0.275, 0.45, 0.50525, 0.5, 0.55, 0.775, 20.709854404145986
501, 0.325, 0.45, 0.5118750000000001, 0.5, 0.575, 0.725, 20.815757393858316
502, 0.25, 0.45, 0.5081249999999999, 0.5, 0.55, 0.725, 20.7475805407495
503, 0.325, 0.475, 0.51675, 0.525, 0.55625, 0.7, 21.546115348672657
504, 0.275, 0.45, 0.50875, 0.5, 0.55, 0.725, 20.741425487870764
505, 0.3, 0.45, 0.50575, 0.5125, 0.55, 0.725, 21.10808713595879
506, 0.325, 0.475, 0.515, 0.525, 0.55625, 0.725, 21.58389879002162
507, 0.3, 0.475, 0.522375, 0.525, 0.575, 0.775, 21.609499544388896
508, 0.3, 0.45, 0.512, 0.5, 0.575, 0.725, 20.7029765017108
509, 0.325, 0.45, 0.506875, 0.5, 0.55, 0.7, 20.677871387434962
510, 0.3, 0.45, 0.511625, 0.525, 0.55625, 0.725, 21.550393458047544
511, 0.25, 0.475, 0.5175, 0.525, 0.575, 0.725, 21.543146677253294
512, 0.275, 0.45, 0.501125, 0.5, 0.55, 0.7, 20.61705492998601
513, 0.275, 0.45, 0.512375, 0.525, 0.575, 0.75, 21.51977271984405
514, 0.3, 0.45, 0.5065000000000001, 0.5, 0.575, 0.725, 20.744349546603072
515, 0.325, 0.45, 0.503625, 0.5, 0.55, 0.725, 20.60907342374
516, 0.275, 0.45, 0.506625, 0.5, 0.55, 0.75, 20.68000738555606
517, 0.275, 0.45, 0.50925, 0.5, 0.575, 0.75, 20.79796827982953
518, 0.25, 0.45, 0.507, 0.5, 0.575, 0.7, 20.683782987519592
519, 0.3, 0.45, 0.50875, 0.5, 0.575, 0.725, 20.72846571522396
520, 0.275, 0.45, 0.515125, 0.525, 0.575, 0.7, 21.48654151094218
521, 0.325, 0.45, 0.5095, 0.5, 0.55, 0.8, 20.69988476635728
522, 0.325, 0.45, 0.513, 0.5, 0.575, 0.8, 20.78576277638493
523, 0.325, 0.45, 0.511, 0.525, 0.575, 0.7, 21.569578768774157
524, 0.225, 0.45, 0.507125, 0.5, 0.55, 0.7, 20.785148688928928
525, 0.325, 0.45, 0.5077499999999999, 0.5125, 0.55625, 0.775, 21.104769772112903
526, 0.275, 0.45, 0.5005, 0.5, 0.55, 0.7, 20.681857250925347
527, 0.275, 0.45, 0.4955, 0.5, 0.55, 0.675, 20.65977367602357
528, 0.325, 0.45, 0.509875, 0.5, 0.575, 0.75, 20.61754262027526
529, 0.275, 0.45, 0.50825, 0.5, 0.575, 0.825, 20.70709662655907
530, 0.35, 0.45, 0.5155000000000001, 0.525, 0.575, 0.725, 21.503627846119272
531, 0.275, 0.475, 0.510875, 0.525, 0.575, 0.75, 21.550836321770692
532, 0.325, 0.45, 0.508625, 0.5, 0.55, 0.7, 20.736548038317473
533, 0.3, 0.425, 0.501, 0.5, 0.55, 0.725, 20.731780936963744
534, 0.225, 0.45, 0.503, 0.5, 0.55, 0.7, 20.644485335410522
535, 0.2, 0.44375, 0.5041249999999999, 0.5, 0.575, 0.85, 20.732313608263233
536, 0.275, 0.45, 0.506375, 0.5, 0.55, 0.75, 20.629076104586552
537, 0.3, 0.45, 0.51275, 0.525, 0.55, 0.7, 21.487992330159717
538, 0.3, 0.45, 0.49749999999999994, 0.5, 0.55, 0.7, 20.555278956622406
539, 0.225, 0.45, 0.504375, 0.5, 0.575, 0.7, 20.67041998723022
540, 0.275, 0.45, 0.508, 0.5, 0.575, 0.7, 20.598928438778618
541, 0.275, 0.475, 0.51875, 0.525, 0.575, 0.8, 21.54425442296496
542, 0.35, 0.46875, 0.517625, 0.525, 0.575, 0.7, 21.54517516486839
543, 0.3, 0.475, 0.5165, 0.525, 0.575, 0.75, 21.55157756324398
544, 0.3, 0.475, 0.518375, 0.5, 0.575, 0.725, 20.82261036892548
545, 0.3, 0.45, 0.508, 0.5, 0.575, 0.725, 20.661990009896424
546, 0.275, 0.45, 0.5042500000000001, 0.5, 0.55, 0.675, 20.5884677817374
547, 0.275, 0.45, 0.50675, 0.5, 0.575, 0.75, 20.689307594361566
548, 0.225, 0.475, 0.516125, 0.5125, 0.575, 0.725, 21.21448924389965
549, 0.3, 0.45, 0.5045, 0.5, 0.55, 0.7, 20.706565673209326
550, 0.3, 0.45, 0.513625, 0.525, 0.55, 0.725, 21.595426533834882
551, 0.3, 0.46875, 0.5131249999999999, 0.525, 0.575, 0.7, 21.55028745093329
552, 0.3, 0.45, 0.506875, 0.5, 0.55, 0.7, 20.81908712979265
553, 0.225, 0.45, 0.50675, 0.5, 0.55, 0.75, 20.657533106051286
554, 0.3, 0.475, 0.509375, 0.5, 0.55, 0.75, 20.672794750505858
555, 0.3, 0.45, 0.504, 0.5, 0.55, 0.75, 20.565039578278615
556, 0.275, 0.45, 0.50725, 0.5, 0.55, 0.7, 20.69118707232686
557, 0.275, 0.425, 0.49762500000000004, 0.5, 0.55, 0.725, 20.544448025968308
558, 0.3, 0.45, 0.50525, 0.5125, 0.55, 0.8, 21.126122900808397
559, 0.25, 0.45, 0.504875, 0.5, 0.55, 0.75, 20.647532093908715
560, 0.275, 0.45, 0.49924999999999997, 0.5, 0.55, 0.725, 20.469412139139347
561, 0.275, 0.45, 0.507375, 0.5, 0.575, 0.75, 20.678917382764354
562, 0.3, 0.45, 0.504875, 0.525, 0.55, 0.725, 21.463982994031085
563, 0.325, 0.45, 0.5145, 0.525, 0.575, 0.7, 21.562175296952436
564, 0.275, 0.45, 0.5113749999999999, 0.5, 0.55625, 0.75, 20.815872241917933
565, 0.3, 0.45, 0.515125, 0.525, 0.575, 0.725, 21.528826643600638
566, 0.3, 0.45, 0.514875, 0.5, 0.575, 0.775, 20.815924758831418
567, 0.3, 0.45, 0.517, 0.525, 0.575, 0.7, 21.638228789702566
568, 0.3, 0.45, 0.51, 0.5, 0.575, 0.725, 20.879102098988504
569, 0.275, 0.45, 0.51925, 0.525, 0.575, 0.75, 21.666968479512313
570, 0.3, 0.45, 0.508375, 0.5, 0.55, 0.75, 20.618177500177552
571, 0.3, 0.475, 0.516875, 0.525, 0.575, 0.7, 21.665333526087807
572, 0.3, 0.45, 0.5051249999999999, 0.5, 0.575, 0.75, 20.657473844905937
573, 0.275, 0.45, 0.505625, 0.5, 0.575, 0.725, 20.62691011245265
574, 0.35, 0.45, 0.509625, 0.5, 0.55, 0.675, 20.71823487038433
575, 0.275, 0.46875, 0.51325, 0.525, 0.55, 0.75, 21.536669363937676
576, 0.275, 0.45, 0.510375, 0.5, 0.575, 0.725, 20.68893878038183
577, 0.25, 0.45, 0.510875, 0.5, 0.55625, 0.7, 20.67974255351703
578, 0.25, 0.45, 0.510625, 0.5, 0.575, 0.75, 20.63463209367852
579, 0.3, 0.45, 0.51275, 0.525, 0.575, 0.775, 21.520388615374976
580, 0.3, 0.45, 0.507, 0.5, 0.55, 0.8, 20.58249771269749
581, 0.25, 0.45, 0.509625, 0.525, 0.575, 0.725, 21.54678862711104
582, 0.275, 0.45, 0.510125, 0.5, 0.575, 0.775, 20.728448373385497
583, 0.25, 0.46875, 0.512625, 0.5, 0.575, 0.775, 20.629040132647916
584, 0.325, 0.45, 0.5091249999999999, 0.5, 0.575, 0.775, 20.655249487572654
585, 0.3, 0.45, 0.5125, 0.525, 0.575, 0.85, 21.491428606277616
586, 0.3, 0.45, 0.507, 0.5, 0.575, 0.725, 20.727567752669906
587, 0.275, 0.45, 0.502, 0.5, 0.55, 0.75, 20.575240993528404
588, 0.3, 0.45, 0.508625, 0.5, 0.575, 0.725, 20.76231124900651
589, 0.25, 0.45, 0.508875, 0.525, 0.575, 0.75, 21.601448541155065
590, 0.275, 0.44375, 0.496625, 0.5, 0.55, 0.725, 20.515905647171184
591, 0.275, 0.45, 0.505625, 0.5, 0.55, 0.8, 20.67211945460423
592, 0.3, 0.45, 0.512625, 0.525, 0.575, 0.8, 21.49911683133928
593, 0.3, 0.45, 0.510375, 0.5, 0.55, 0.725, 20.62724492565367
594, 0.325, 0.475, 0.5125, 0.5125, 0.575, 0.7, 21.13254966326477
595, 0.3, 0.46875, 0.517875, 0.5, 0.575, 0.775, 20.79780815285541
596, 0.325, 0.45, 0.50575, 0.5, 0.575, 0.725, 20.745964426825626
597, 0.275, 0.45, 0.51875, 0.525, 0.575, 0.775, 21.523389066316
598, 0.275, 0.45, 0.521125, 0.525, 0.575, 0.75, 21.589476142724866
599, 0.325, 0.45, 0.514625, 0.5, 0.575, 0.75, 20.68626500120361
600, 0.325, 0.45, 0.5077499999999999, 0.5, 0.55, 0.7, 20.64878710596796
601, 0.3, 0.45, 0.51325, 0.525, 0.575, 0.725, 21.56424054081606
602, 0.275, 0.45, 0.509625, 0.5, 0.55, 0.675, 20.76696335063633
603, 0.25, 0.45, 0.5075000000000001, 0.525, 0.575, 0.75, 21.479593235799776
604, 0.325, 0.46875, 0.52425, 0.525, 0.575, 0.725, 21.691981101986993
605, 0.325, 0.45, 0.5121249999999999, 0.5, 0.55, 0.775, 20.81971848145821
606, 0.3, 0.475, 0.5207499999999999, 0.5, 0.575, 0.75, 20.80339070661106
607, 0.3, 0.45, 0.51375, 0.5, 0.575, 0.725, 20.8025670899292
608, 0.275, 0.45, 0.51375, 0.525, 0.575, 0.725, 21.474577797236535
609, 0.3, 0.45, 0.514625, 0.525, 0.575, 0.7, 21.58407953399265
610, 0.3, 0.45, 0.5, 0.5, 0.55, 0.7, 20.578214335842336
611, 0.3, 0.45, 0.518, 0.525, 0.575, 0.75, 21.552693091570426
612, 0.3, 0.45, 0.510375, 0.5, 0.575, 0.7, 20.700595436648474
613, 0.225, 0.45, 0.50725, 0.5, 0.575, 0.75, 20.78475352892079
614, 0.3, 0.45, 0.50875, 0.5, 0.575, 0.725, 20.764194312443482
615, 0.25, 0.45, 0.51025, 0.525, 0.575, 0.7, 21.524419217368518
616, 0.325, 0.475, 0.514875, 0.5, 0.575, 0.75, 20.681598083842694
617, 0.3, 0.45, 0.5085, 0.5, 0.575, 0.725, 20.852030140191008
618, 0.275, 0.45, 0.508375, 0.5, 0.575, 0.725, 20.806229985513642
619, 0.325, 0.45, 0.510625, 0.5, 0.55, 0.825, 20.606307499937024
620, 0.325, 0.46875, 0.5215, 0.525, 0.575, 0.8, 21.56858328293086
621, 0.275, 0.45, 0.512875, 0.525, 0.575, 0.725, 21.528193328444978
622, 0.275, 0.45, 0.51375, 0.525, 0.55625, 0.775, 21.456743244820487
623, 0.275, 0.45, 0.51, 0.5, 0.55, 0.75, 20.735858714940434
624, 0.3, 0.45, 0.509625, 0.5, 0.575, 0.725, 20.735813984667793
625, 0.25, 0.45, 0.519625, 0.525, 0.575, 0.75, 21.535481705067532
626, 0.25, 0.45, 0.51425, 0.525, 0.575, 0.75, 21.579408781323494
627, 0.325, 0.475, 0.521625, 0.525, 0.575, 0.75, 21.68713786191477
628, 0.3, 0.45, 0.51075, 0.5, 0.575, 0.75, 20.655424185305122
629, 0.275, 0.45, 0.5185, 0.525, 0.575, 0.7, 21.651552762260312
630, 0.325, 0.45, 0.51625, 0.525, 0.575, 0.7, 21.58589447342441
631, 0.3, 0.475, 0.521, 0.525, 0.575, 0.725, 21.610396112429363
632, 0.3, 0.45, 0.515125, 0.5, 0.575, 0.725, 20.719109600850835
633, 0.25, 0.45, 0.516, 0.525, 0.575, 0.75, 21.560552999691737
634, 0.25, 0.475, 0.51725, 0.525, 0.575, 0.7, 21.565344154555284
635, 0.325, 0.45, 0.51375, 0.525, 0.55, 0.75, 21.537998909480496
636, 0.325, 0.45, 0.5198750000000001, 0.525, 0.575, 0.75, 21.55230547191252
637, 0.3, 0.475, 0.51825, 0.525, 0.575, 0.7, 21.569466663647713
638, 0.275, 0.45, 0.516375, 0.5, 0.575, 0.725, 20.801197346426356
639, 0.3, 0.45, 0.51925, 0.525, 0.575, 0.7, 21.57763360041632
640, 0.3, 0.475, 0.5225, 0.525, 0.575, 0.775, 21.616239409474858
641, 0.25, 0.45, 0.5042500000000001, 0.525, 0.55, 0.7, 21.496769157427373
642, 0.3, 0.45, 0.514125, 0.5, 0.575, 0.775, 20.716879504946455
643, 0.275, 0.45, 0.5118750000000001, 0.5, 0.575, 0.7, 20.77229084599064
644, 0.275, 0.475, 0.522875, 0.525, 0.575, 0.75, 21.5366818998888
645, 0.325, 0.45, 0.518, 0.525, 0.575, 0.725, 21.599391091417658
646, 0.25, 0.45, 0.520625, 0.525, 0.575, 0.75, 21.70397486318346
647, 0.275, 0.45, 0.503, 0.5, 0.55, 0.75, 20.670164806018448
648, 0.325, 0.475, 0.520125, 0.525, 0.575, 0.75, 21.56184421671152
649, 0.35, 0.475, 0.52725, 0.525, 0.575, 0.8, 21.572649360957996
650, 0.275, 0.45, 0.51325, 0.5, 0.575, 0.75, 20.68874491142189
651, 0.325, 0.45, 0.506375, 0.5, 0.575, 0.75, 20.655923166925696
652, 0.3, 0.46875, 0.51325, 0.5, 0.55625, 0.8, 20.763822882090775
653, 0.275, 0.45, 0.5105000000000001, 0.525, 0.575, 0.75, 21.442529824323678
654, 0.275, 0.45, 0.50925, 0.5, 0.55, 0.825, 20.660949187898396
655, 0.325, 0.45, 0.5155000000000001, 0.5125, 0.575, 0.725, 21.121684917140566
656, 0.35, 0.45, 0.506, 0.5, 0.55, 0.7, 20.640672448652836
657, 0.275, 0.45, 0.5042500000000001, 0.5, 0.55, 0.7, 20.61819321934023
658, 0.3, 0.45, 0.503625, 0.5, 0.55625, 0.725, 20.713021363200262
659, 0.3, 0.45, 0.499, 0.5, 0.55, 0.75, 20.543554270313624
660, 0.25, 0.45, 0.503375, 0.5, 0.55, 0.75, 20.53668332095271
661, 0.3, 0.45, 0.514125, 0.525, 0.575, 0.75, 21.50385180608648
662, 0.3, 0.45, 0.5081249999999999, 0.5, 0.575, 0.75, 20.749616287335094
663, 0.25, 0.45, 0.5085, 0.5, 0.575, 0.75, 20.882359771512704
664, 0.275, 0.45, 0.510625, 0.5, 0.575, 0.7, 20.76771781342589
665, 0.25, 0.45, 0.50525, 0.5, 0.55, 0.725, 20.69737628432304
666, 0.3, 0.45, 0.5038750000000001, 0.5, 0.575, 0.725, 20.614885802871083
667, 0.275, 0.45, 0.509875, 0.5, 0.55, 0.7, 20.818099390454524
668, 0.325, 0.45, 0.512875, 0.5, 0.575, 0.75, 20.718129022149583
669, 0.3, 0.45, 0.508875, 0.5, 0.575, 0.725, 20.73526516549461
670, 0.3, 0.46875, 0.518875, 0.525, 0.575, 0.7, 21.602098053814412
671, 0.25, 0.45, 0.502125, 0.5, 0.55625, 0.75, 20.724536916575445
672, 0.3, 0.45, 0.51, 0.525, 0.575, 0.725, 21.54516386200121
673, 0.25, 0.45, 0.5025000000000001, 0.5, 0.55625, 0.75, 20.605797779012534
674, 0.275, 0.45, 0.510875, 0.5, 0.575, 0.75, 20.79425206065467
675, 0.3, 0.475, 0.518375, 0.525, 0.575, 0.8, 21.482607616909803
676, 0.275, 0.475, 0.514375, 0.5, 0.575, 0.75, 20.81786269928732
677, 0.275, 0.45, 0.513, 0.5, 0.575, 0.75, 20.81057247511362
678, 0.275, 0.475, 0.522375, 0.525, 0.575, 0.775, 21.637571217425347
679, 0.35, 0.475, 0.51775, 0.525, 0.575, 0.7, 21.647635016346207
680, 0.275, 0.45, 0.517625, 0.525, 0.575, 0.725, 21.53381367994767
681, 0.275, 0.475, 0.5191250000000001, 0.5, 0.575, 0.775, 20.71405277630126
682, 0.3, 0.45, 0.50925, 0.5, 0.575, 0.775, 20.71618207396574
683, 0.275, 0.45, 0.518875, 0.525, 0.575, 0.725, 21.655420259199865
684, 0.325, 0.45, 0.5145, 0.525, 0.575, 0.675, 21.581848239133123
685, 0.275, 0.45, 0.50925, 0.5, 0.575, 0.75, 20.669432042288527
686, 0.225, 0.45, 0.5197499999999999, 0.525, 0.575, 0.8, 21.672367330559464
687, 0.3, 0.475, 0.5181250000000001, 0.525, 0.575, 0.8, 21.607731686669666
688, 0.275, 0.45, 0.51, 0.525, 0.575, 0.75, 21.442982055122126
689, 0.3, 0.45, 0.514875, 0.5125, 0.575, 0.75, 21.14963164037848
690, 0.325, 0.45, 0.5042500000000001, 0.5, 0.55, 0.8, 20.60387782906279
691, 0.325, 0.475, 0.51475, 0.525, 0.575, 0.75, 21.492308986379967
692, 0.2, 0.45, 0.507125, 0.525, 0.575, 0.725, 21.446949344515957
693, 0.25, 0.45, 0.514125, 0.525, 0.575, 0.7, 21.549141732704186
694, 0.225, 0.475, 0.520625, 0.525, 0.575, 0.775, 21.556977107085576
695, 0.3, 0.45, 0.5117499999999999, 0.525, 0.575, 0.725, 21.49089862681915
696, 0.3, 0.45, 0.508375, 0.5, 0.575, 0.725, 20.74227078479251
697, 0.275, 0.45, 0.5005, 0.5, 0.55, 0.75, 20.67738162795944
698, 0.3, 0.45, 0.509875, 0.5125, 0.575, 0.75, 21.138960031318508
699, 0.25, 0.45, 0.5117499999999999, 0.5, 0.575, 0.725, 20.884241516160756
700, 0.3, 0.475, 0.51125, 0.525, 0.55, 0.7, 21.485288025362976
701, 0.25, 0.45, 0.514, 0.5, 0.575, 0.75, 20.797956916912106
702, 0.3, 0.45, 0.5193749999999999, 0.525, 0.575, 0.775, 21.59100079249255
703, 0.325, 0.45, 0.524125, 0.525, 0.58125, 0.75, 21.616108183279103
704, 0.3, 0.46875, 0.526, 0.525, 0.575, 0.75, 21.587737347380468
705, 0.275, 0.45, 0.5185, 0.525, 0.575, 0.675, 21.66472965023781
706, 0.25, 0.45, 0.51625, 0.525, 0.575, 0.75, 21.52560755513545
707, 0.25, 0.475, 0.5349999999999999, 0.55, 0.6, 0.725, 22.58232329735038
708, 0.25, 0.46875, 0.514625, 0.5, 0.575, 0.75, 20.700671721516972
709, 0.3, 0.45, 0.5155000000000001, 0.5, 0.575, 0.725, 20.70797482488463
710, 0.325, 0.45, 0.51925, 0.525, 0.575, 0.775, 21.641749802993804
711, 0.325, 0.475, 0.5261250000000001, 0.525, 0.575, 0.725, 21.66772713720377
712, 0.25, 0.475, 0.52225, 0.525, 0.575, 0.775, 21.554744381658587
713, 0.275, 0.45, 0.518, 0.525, 0.55625, 0.8, 21.494473055683173
714, 0.325, 0.46875, 0.5198750000000001, 0.525, 0.575, 0.75, 21.55667361544843
715, 0.25, 0.45, 0.51225, 0.525, 0.575, 0.7, 21.571547737357562
716, 0.3, 0.45, 0.5221250000000001, 0.525, 0.6, 0.875, 21.540091059661407
717, 0.275, 0.45, 0.51475, 0.525, 0.575, 0.775, 21.569851517913534
718, 0.3, 0.45, 0.52325, 0.525, 0.6, 0.725, 21.586216597778076
719, 0.3, 0.475, 0.516625, 0.5, 0.575, 0.75, 20.863301106620536
720, 0.3, 0.475, 0.5197499999999999, 0.525, 0.575, 0.75, 21.59774979833802
721, 0.275, 0.475, 0.519625, 0.525, 0.575, 0.85, 21.548852999806172
722, 0.325, 0.475, 0.533875, 0.55, 0.6, 0.75, 22.532219348150406
723, 0.325, 0.475, 0.5235000000000001, 0.525, 0.575, 0.75, 21.496835306131892
724, 0.325, 0.475, 0.525375, 0.525, 0.575, 0.75, 21.588869957581103
725, 0.325, 0.45, 0.5185, 0.525, 0.575, 0.75, 21.551312864739117
726, 0.3, 0.475, 0.5195000000000001, 0.525, 0.575, 0.775, 21.55487484607761
727, 0.3, 0.475, 0.528125, 0.525, 0.6, 0.775, 21.69600681573865
728, 0.3, 0.475, 0.529625, 0.525, 0.58125, 0.75, 21.61551718609062
729, 0.275, 0.45, 0.514375, 0.525, 0.575, 0.7, 21.524051552411485
730, 0.25, 0.475, 0.5273749999999999, 0.525, 0.575, 0.75, 21.735340774470245
731, 0.35, 0.475, 0.5313749999999999, 0.525, 0.575, 0.75, 21.7268308427589
732, 0.325, 0.475, 0.52925, 0.525, 0.6, 0.75, 21.63668742349387
733, 0.275, 0.45, 0.51125, 0.5, 0.575, 0.775, 20.76655724039608
734, 0.3, 0.45, 0.522625, 0.525, 0.575, 0.825, 21.66510197611595
735, 0.325, 0.46875, 0.52025, 0.525, 0.575, 0.725, 21.56104902643228
736, 0.275, 0.475, 0.5275000000000001, 0.525, 0.575, 0.8, 21.603681654641797
737, 0.25, 0.46875, 0.524125, 0.525, 0.575, 0.725, 21.685456929865765
738, 0.325, 0.46875, 0.516125, 0.5, 0.575, 0.725, 20.834826461100256
739, 0.25, 0.45, 0.5095, 0.5, 0.55625, 0.675, 20.723802256154766
740, 0.325, 0.475, 0.533125, 0.525, 0.575, 0.875, 21.764065149065384
741, 0.3, 0.475, 0.53275, 0.525, 0.6, 0.825, 21.74853894280522
742, 0.3, 0.475, 0.525125, 0.525, 0.6, 0.725, 21.67046834873109
743, 0.25, 0.475, 0.525, 0.525, 0.6, 0.75, 21.675066264283608
744, 0.3, 0.475, 0.5193749999999999, 0.525, 0.575, 0.7, 21.552037621539743
745, 0.275, 0.475, 0.5237499999999999, 0.525, 0.58125, 0.725, 21.68322077884717
746, 0.3, 0.475, 0.5207499999999999, 0.525, 0.575, 0.75, 21.68080834710731
747, 0.325, 0.475, 0.523625, 0.525, 0.575, 0.725, 21.666320369244566
748, 0.325, 0.475, 0.51925, 0.525, 0.575, 0.775, 21.501472676930668
749, 0.275, 0.475, 0.5215, 0.525, 0.575, 0.7, 21.635815791152115
750, 0.3, 0.475, 0.517875, 0.525, 0.575, 0.75, 21.52481446955087
751, 0.325, 0.45, 0.5158750000000001, 0.525, 0.575, 0.75, 21.468093958912817
752, 0.25, 0.475, 0.5205, 0.525, 0.575, 0.75, 21.583680966881623
753, 0.325, 0.475, 0.52125, 0.525, 0.575, 0.75, 21.596117609017263
754, 0.3, 0.475, 0.52825, 0.525, 0.575, 0.7, 21.724471499025334
755, 0.35, 0.475, 0.52575, 0.525, 0.575, 0.75, 21.620793064241894
756, 0.325, 0.475, 0.5395, 0.5375, 0.6, 0.775, 22.153825514631748
757, 0.275, 0.475, 0.524125, 0.525, 0.575, 0.825, 21.646556367065482
758, 0.3, 0.475, 0.52275, 0.525, 0.575, 0.775, 21.60062107936671
759, 0.3, 0.475, 0.524125, 0.525, 0.575, 0.775, 21.605095429647182
760, 0.325, 0.475, 0.5197499999999999, 0.525, 0.575, 0.775, 21.496303248377522
761, 0.3, 0.45, 0.5175, 0.525, 0.575, 0.725, 21.566707536554294
762, 0.275, 0.45, 0.512625, 0.5, 0.575, 0.75, 20.664827505510125
763, 0.35, 0.475, 0.525375, 0.525, 0.575, 0.725, 21.657042507518213
764, 0.275, 0.475, 0.525125, 0.525, 0.575, 0.75, 21.61482439616023
765, 0.325, 0.475, 0.5345, 0.525, 0.58125, 0.775, 21.705169561189017
766, 0.275, 0.475, 0.529625, 0.525, 0.575, 0.825, 21.767514736267884
767, 0.3, 0.45, 0.5165, 0.525, 0.575, 0.75, 21.58118054090948
768, 0.325, 0.475, 0.5285, 0.525, 0.575, 0.725, 21.64745684049372
769, 0.275, 0.475, 0.517, 0.525, 0.575, 0.75, 21.568555018655818
770, 0.325, 0.475, 0.530875, 0.525, 0.575, 0.825, 21.65406331366755
771, 0.325, 0.475, 0.533375, 0.525, 0.6, 0.775, 21.953448934354345
772, 0.3, 0.45, 0.518375, 0.525, 0.575, 0.75, 21.529020882963877
773, 0.325, 0.475, 0.530875, 0.525, 0.575, 0.775, 21.776808773025905
774, 0.3, 0.475, 0.517375, 0.5, 0.575, 0.725, 20.772838290706453
775, 0.35, 0.475, 0.53175, 0.525, 0.575, 0.75, 21.677851513682477
776, 0.325, 0.475, 0.5225, 0.525, 0.575, 0.75, 21.62861387466513
777, 0.275, 0.45, 0.513875, 0.5, 0.55625, 0.725, 20.726042072459286
778, 0.3, 0.475, 0.5285, 0.525, 0.575, 0.725, 21.813620542063134
779, 0.325, 0.45, 0.514875, 0.525, 0.575, 0.7, 21.588268393250157
780, 0.275, 0.475, 0.52625, 0.525, 0.575, 0.775, 21.665277251127353
781, 0.325, 0.475, 0.524125, 0.525, 0.575, 0.7, 21.66746490291171
782, 0.35, 0.475, 0.522375, 0.525, 0.575, 0.7, 21.67488152929711
783, 0.35, 0.45, 0.52175, 0.525, 0.575, 0.725, 21.65263716601981
784, 0.225, 0.475, 0.5155000000000001, 0.525, 0.575, 0.8, 21.552980896816194
785, 0.325, 0.475, 0.5185, 0.525, 0.575, 0.75, 21.556132569680003
786, 0.3, 0.475, 0.514875, 0.5125, 0.575, 0.725, 21.133785628322308
787, 0.25, 0.46875, 0.5175, 0.525, 0.575, 0.75, 21.556646939498926
788, 0.275, 0.475, 0.523, 0.525, 0.575, 0.8, 21.60448840723982
789, 0.3, 0.45, 0.512875, 0.5, 0.575, 0.75, 20.897364138574908
790, 0.3, 0.45, 0.512, 0.525, 0.575, 0.75, 21.62108212489029
791, 0.25, 0.45, 0.513375, 0.5, 0.575, 0.75, 20.702974370858406
792, 0.325, 0.475, 0.5245, 0.525, 0.575, 0.75, 21.519403854407642
793, 0.3, 0.475, 0.52625, 0.525, 0.575, 0.775, 21.6264870088727
794, 0.325, 0.475, 0.520375, 0.525, 0.575, 0.725, 21.54221517090597
795, 0.25, 0.475, 0.5193749999999999, 0.525, 0.575, 0.75, 21.554081174631076
796, 0.325, 0.45, 0.524, 0.525, 0.575, 0.75, 21.689737694345958
797, 0.3, 0.45, 0.518375, 0.5, 0.575, 0.725, 20.75138741357764
798, 0.325, 0.475, 0.519625, 0.525, 0.575, 0.75, 21.5293170859875
799, 0.325, 0.45, 0.514625, 0.525, 0.575, 0.75, 21.521239542436128
800, 0.35, 0.475, 0.534375, 0.525, 0.6, 0.75, 21.765306626047163
801, 0.275, 0.475, 0.516875, 0.525, 0.575, 0.775, 21.60933399957557
802, 0.35, 0.475, 0.526375, 0.525, 0.575, 0.725, 21.561901731999214
803, 0.3, 0.45, 0.514375, 0.525, 0.575, 0.75, 21.586709869521563
804, 0.3, 0.46875, 0.512875, 0.5, 0.575, 0.725, 20.72494813280926
805, 0.275, 0.45, 0.5131249999999999, 0.525, 0.575, 0.775, 21.526094085660226
806, 0.325, 0.45, 0.509875, 0.5, 0.575, 0.7, 20.87711539239383
807, 0.3, 0.45, 0.5105000000000001, 0.525, 0.575, 0.75, 21.501263941847085
808, 0.25, 0.45, 0.51825, 0.525, 0.575, 0.8, 21.540686177698674
809, 0.225, 0.475, 0.517875, 0.525, 0.575, 0.775, 21.614831467634914
810, 0.225, 0.475, 0.53025, 0.525, 0.6, 0.725, 21.72240597094391
811, 0.3, 0.475, 0.5225, 0.525, 0.575, 0.75, 21.592873271115128
812, 0.325, 0.475, 0.5198750000000001, 0.525, 0.575, 0.775, 21.51291827369416
813, 0.3, 0.475, 0.52275, 0.525, 0.575, 0.775, 21.60629564096529
814, 0.3, 0.45, 0.509375, 0.5, 0.55625, 0.8, 20.655859309351335
815, 0.35, 0.45, 0.51075, 0.5, 0.55, 0.725, 20.706317278694872
816, 0.25, 0.45, 0.51425, 0.525, 0.575, 0.825, 21.59787515279961
817, 0.3, 0.46875, 0.518375, 0.525, 0.575, 0.75, 21.572428025909282
818, 0.3, 0.46875, 0.517375, 0.525, 0.575, 0.725, 21.54681616780602
819, 0.3, 0.475, 0.516625, 0.5125, 0.55625, 0.775, 21.103974537237658
820, 0.3, 0.45, 0.50675, 0.5, 0.55, 0.725, 20.732087078630496
821, 0.3, 0.45, 0.508875, 0.5, 0.575, 0.7, 20.620944335929718
822, 0.3, 0.45, 0.49775, 0.5, 0.55, 0.75, 20.47113521550103
823, 0.3, 0.46875, 0.5125, 0.5, 0.575, 0.725, 20.812948261156645
824, 0.25, 0.45, 0.510375, 0.5, 0.575, 0.725, 20.71163506188384
825, 0.275, 0.475, 0.51925, 0.525, 0.575, 0.775, 21.585891606061622
826, 0.275, 0.475, 0.51725, 0.5, 0.575, 0.7, 20.793601144506255
827, 0.3, 0.46875, 0.51925, 0.525, 0.575, 0.7, 21.64955803489615
828, 0.275, 0.475, 0.524625, 0.525, 0.575, 0.75, 21.705631702744043
829, 0.3, 0.45, 0.51825, 0.525, 0.575, 0.725, 21.567365328461356
830, 0.325, 0.45, 0.511625, 0.5, 0.55625, 0.725, 20.630035852122653
831, 0.3, 0.45, 0.520625, 0.525, 0.575, 0.725, 21.542779875445266
832, 0.175, 0.45, 0.5231250000000001, 0.525, 0.575, 0.725, 21.605710101554003
833, 0.275, 0.475, 0.5309999999999999, 0.525, 0.6, 0.775, 21.69771672477563
834, 0.325, 0.475, 0.5193749999999999, 0.525, 0.575, 0.7, 21.55466441478074
835, 0.275, 0.45, 0.515, 0.525, 0.575, 0.725, 21.458009820487646
836, 0.275, 0.45, 0.501875, 0.5, 0.55, 0.725, 20.6359264682496
837, 0.275, 0.45, 0.511125, 0.5, 0.575, 0.725, 20.663401949866614
838, 0.3, 0.475, 0.519625, 0.525, 0.575, 0.75, 21.580472329149586
839, 0.2, 0.45, 0.516875, 0.525, 0.575, 0.75, 21.644848289828865
840, 0.35, 0.475, 0.5175, 0.5, 0.575, 0.725, 20.799492180076875
841, 0.3, 0.475, 0.5233749999999999, 0.525, 0.575, 0.7, 21.702410335451557
842, 0.325, 0.45, 0.509875, 0.5, 0.55625, 0.725, 20.687910933925473
843, 0.275, 0.45, 0.524125, 0.525, 0.6, 0.75, 21.67259910593777
844, 0.325, 0.45, 0.5195000000000001, 0.525, 0.58125, 0.675, 21.7037800152167
845, 0.25, 0.45, 0.50675, 0.5, 0.575, 0.725, 20.58978763719133
846, 0.3, 0.45, 0.50925, 0.5, 0.575, 0.825, 20.683725408197063
847, 0.3, 0.475, 0.522375, 0.525, 0.575, 0.725, 21.531270865364903
848, 0.3, 0.45, 0.513875, 0.5, 0.575, 0.75, 20.77888484512269
849, 0.3, 0.45, 0.512625, 0.525, 0.575, 0.75, 21.503422752553384
850, 0.325, 0.45, 0.5165, 0.5, 0.575, 0.775, 20.632987943029164
851, 0.275, 0.45, 0.5115000000000001, 0.525, 0.575, 0.675, 21.5556959271247
852, 0.3, 0.46875, 0.5121249999999999, 0.5, 0.575, 0.725, 20.76907778218377
853, 0.325, 0.45, 0.52325, 0.525, 0.575, 0.875, 21.58073480012692
854, 0.3, 0.45, 0.5145, 0.525, 0.575, 0.75, 21.50095541667332
855, 0.325, 0.45, 0.5185, 0.525, 0.575, 0.725, 21.566724847790596
856, 0.275, 0.475, 0.526875, 0.525, 0.58125, 0.775, 21.617647073488097
857, 0.325, 0.45, 0.516625, 0.525, 0.575, 0.7, 21.67052680396701
858, 0.3, 0.475, 0.518625, 0.525, 0.575, 0.775, 21.639174566135793
859, 0.3, 0.46875, 0.5313749999999999, 0.525, 0.6, 0.775, 21.729981950268932
860, 0.35, 0.475, 0.516, 0.525, 0.575, 0.725, 21.593047897553948
861, 0.325, 0.45, 0.5155000000000001, 0.525, 0.575, 0.725, 21.616835425962684
862, 0.3, 0.475, 0.524, 0.525, 0.575, 0.75, 21.611596822192407
863, 0.325, 0.45, 0.5145, 0.5125, 0.575, 0.75, 21.18766810569243
864, 0.275, 0.45, 0.518, 0.5, 0.575, 0.775, 20.71427144417578
865, 0.325, 0.45, 0.5117499999999999, 0.5, 0.575, 0.725, 20.65543073748409
866, 0.275, 0.45, 0.51325, 0.525, 0.575, 0.75, 21.564065771340182
867, 0.275, 0.45, 0.5105000000000001, 0.525, 0.575, 0.75, 21.58985171761892
868, 0.35, 0.45, 0.52025, 0.525, 0.575, 0.725, 21.591074742086377
869, 0.3, 0.45, 0.516625, 0.525, 0.575, 0.775, 21.548319915065125
870, 0.2, 0.45, 0.516, 0.525, 0.575, 0.75, 21.546201768178534
871, 0.25, 0.45, 0.51725, 0.525, 0.575, 0.7, 21.60734890443716
872, 0.325, 0.45, 0.51225, 0.525, 0.55625, 0.7, 21.460802395884187
873, 0.25, 0.475, 0.513375, 0.525, 0.575, 0.75, 21.584324339052905
874, 0.35, 0.475, 0.5205, 0.525, 0.575, 0.775, 21.498537088598983
875, 0.3, 0.475, 0.526, 0.525, 0.575, 0.825, 21.66624448436864
876, 0.3, 0.475, 0.52225, 0.525, 0.575, 0.725, 21.709899962612866
877, 0.275, 0.475, 0.5235000000000001, 0.525, 0.575, 0.8, 21.656539270497845
878, 0.3, 0.45, 0.514, 0.525, 0.575, 0.775, 21.565038830668563
879, 0.25, 0.45, 0.51825, 0.525, 0.575, 0.775, 21.52776266153569
880, 0.3, 0.45, 0.510875, 0.525, 0.575, 0.7, 21.499506466361275
881, 0.325, 0.475, 0.51525, 0.525, 0.575, 0.725, 21.505535690221535
882, 0.35, 0.475, 0.520375, 0.5125, 0.575, 0.7, 21.177493041198936
883, 0.375, 0.475, 0.5245, 0.525, 0.575, 0.75, 21.604867679617115
884, 0.325, 0.45, 0.517375, 0.525, 0.575, 0.725, 21.533287241944628
885, 0.325, 0.475, 0.525625, 0.525, 0.575, 0.725, 21.539974219615193
886, 0.35, 0.475, 0.5265, 0.525, 0.575, 0.7, 21.67198715757465
887, 0.35, 0.46875, 0.528375, 0.525, 0.575, 0.825, 21.65709038685081
888, 0.275, 0.475, 0.52225, 0.525, 0.575, 0.7, 21.583523200757597
889, 0.3, 0.46875, 0.518, 0.525, 0.575, 0.75, 21.551786512126064
890, 0.275, 0.475, 0.526375, 0.525, 0.58125, 0.725, 21.706726671515586
891, 0.275, 0.475, 0.528, 0.525, 0.6, 0.75, 21.74303044496405
892, 0.3, 0.45, 0.528375, 0.525, 0.6, 0.725, 21.6348206693146
893, 0.275, 0.45, 0.52175, 0.525, 0.575, 0.725, 21.648671428674795
894, 0.3, 0.45, 0.5231250000000001, 0.525, 0.58125, 0.75, 21.666688424037382
895, 0.3, 0.475, 0.528125, 0.525, 0.575, 0.725, 21.722169586112962
896, 0.275, 0.475, 0.52425, 0.525, 0.575, 0.75, 21.65827915047317
897, 0.3, 0.45, 0.5231250000000001, 0.525, 0.575, 0.8, 21.672390878416355
898, 0.25, 0.45, 0.5221250000000001, 0.525, 0.575, 0.8, 21.60318731970831
899, 0.3, 0.475, 0.526, 0.525, 0.58125, 0.725, 21.738116968685937
900, 0.325, 0.475, 0.52275, 0.525, 0.575, 0.775, 21.60324564074061
901, 0.325, 0.45, 0.52225, 0.525, 0.575, 0.775, 21.611445513787874
902, 0.325, 0.475, 0.541125, 0.55, 0.6, 0.775, 22.52036313360415
903, 0.275, 0.475, 0.53275, 0.55, 0.58125, 0.775, 22.486447736215496
904, 0.3, 0.475, 0.53725, 0.525, 0.6, 0.775, 21.72229754500588
905, 0.3, 0.475, 0.54125, 0.55, 0.6, 0.775, 22.556164209512026
906, 0.275, 0.475, 0.53125, 0.525, 0.6, 0.725, 21.76443833128805
907, 0.25, 0.475, 0.530125, 0.525, 0.6, 0.725, 21.71659244804771
908, 0.35, 0.475, 0.547625, 0.55, 0.60625, 0.825, 22.625859667941334
909, 0.325, 0.475, 0.5349999999999999, 0.525, 0.575, 0.75, 21.765687986430194
910, 0.3, 0.475, 0.5377500000000001, 0.525, 0.6, 0.75, 21.76292978540031
911, 0.3, 0.475, 0.53525, 0.525, 0.6, 0.775, 21.72062992926368
912, 0.275, 0.475, 0.5335, 0.525, 0.6, 0.775, 21.697579387683213
913, 0.3, 0.45, 0.522, 0.525, 0.575, 0.775, 21.63660977482665
914, 0.3, 0.475, 0.532, 0.5375, 0.6, 0.8, 22.133062105129518
915, 0.275, 0.45, 0.5193749999999999, 0.525, 0.575, 0.775, 21.62854453768758
916, 0.325, 0.475, 0.534875, 0.525, 0.575, 0.75, 21.79420799777179
917, 0.3, 0.475, 0.53275, 0.525, 0.6, 0.75, 21.705972352866667
918, 0.3, 0.475, 0.5305, 0.525, 0.6, 0.8, 21.76133532506066
919, 0.35, 0.475, 0.52425, 0.525, 0.575, 0.775, 21.579609760912966
920, 0.35, 0.475, 0.537125, 0.525, 0.6, 0.8, 21.707623103109462
921, 0.25, 0.475, 0.528375, 0.525, 0.575, 0.75, 21.732353271295167
922, 0.3, 0.475, 0.529375, 0.525, 0.6, 0.725, 21.616426825956005
923, 0.275, 0.475, 0.52975, 0.525, 0.575, 0.725, 21.75751145929628
924, 0.325, 0.475, 0.5309999999999999, 0.525, 0.575, 0.725, 21.69712154215473
925, 0.3, 0.475, 0.53075, 0.525, 0.6, 0.725, 21.809484777695932
926, 0.3, 0.475, 0.529375, 0.525, 0.6, 0.725, 21.67266210884312
927, 0.3, 0.475, 0.529875, 0.525, 0.575, 0.75, 21.707838627355926
928, 0.35, 0.5, 0.54375, 0.55, 0.6, 0.775, 22.651313874065885
929, 0.35, 0.5, 0.541875, 0.525, 0.6, 0.825, 21.886072656475633
930, 0.325, 0.475, 0.526875, 0.525, 0.575, 0.75, 21.688476580910766
931, 0.325, 0.475, 0.5425, 0.55, 0.6, 0.725, 22.648802940370988
932, 0.275, 0.475, 0.53525, 0.525, 0.6, 0.85, 21.8058809750618
933, 0.2, 0.5, 0.5405, 0.55, 0.6, 0.75, 22.611404527544064
934, 0.25, 0.475, 0.533875, 0.525, 0.6, 0.775, 21.7957403067578
935, 0.275, 0.475, 0.539625, 0.55, 0.6, 0.75, 22.545957108723428
936, 0.325, 0.475, 0.543875, 0.55, 0.6, 0.8, 22.481856255301594
937, 0.325, 0.475, 0.5431250000000001, 0.55, 0.6, 0.75, 22.658900001493652
938, 0.325, 0.475, 0.5415, 0.55, 0.6, 0.775, 22.748382824805148
939, 0.325, 0.475, 0.53825, 0.5375, 0.6, 0.775, 22.169634676129867
940, 0.325, 0.5, 0.5565, 0.55, 0.6, 0.8, 22.709232288668503
941, 0.325, 0.475, 0.538875, 0.55, 0.6, 0.75, 22.515712563782394
942, 0.275, 0.475, 0.54575, 0.55, 0.625, 0.8, 22.572281979234926
943, 0.35, 0.5, 0.54475, 0.55, 0.6, 0.8, 22.553697962829702
944, 0.3, 0.475, 0.5375, 0.55, 0.6, 0.75, 22.615074609016943
945, 0.3, 0.475, 0.532125, 0.525, 0.6, 0.725, 21.73087723366408
946, 0.325, 0.5, 0.5505, 0.55, 0.6, 0.8, 22.662836348912556
947, 0.225, 0.475, 0.5395, 0.55, 0.6, 0.8, 22.611233255732202
948, 0.25, 0.475, 0.542125, 0.525, 0.6, 0.775, 21.767837046437165
949, 0.325, 0.475, 0.53625, 0.55, 0.6, 0.8, 22.506129117202853
950, 0.325, 0.475, 0.5347500000000001, 0.55, 0.6, 0.775, 22.582371844380006
951, 0.3, 0.475, 0.531625, 0.55, 0.575, 0.775, 22.6065554833897
952, 0.325, 0.475, 0.535625, 0.525, 0.6, 0.8, 21.73835402840028
953, 0.275, 0.5, 0.542, 0.55, 0.6, 0.725, 22.612813876277563
954, 0.325, 0.475, 0.540625, 0.55, 0.6, 0.8, 22.677314565052143
955, 0.25, 0.475, 0.53325, 0.525, 0.6, 0.725, 21.787252621871957
956, 0.325, 0.475, 0.539875, 0.55, 0.6, 0.725, 22.58195251625561
957, 0.35, 0.475, 0.538, 0.5375, 0.6, 0.775, 22.25489500944528
958, 0.35, 0.475, 0.55175, 0.55, 0.625, 0.825, 22.55913771712063
959, 0.325, 0.5, 0.550125, 0.55, 0.60625, 0.775, 22.721605137609593
960, 0.3, 0.475, 0.5375, 0.525, 0.6, 0.75, 21.84822154819681
961, 0.35, 0.475, 0.5443749999999999, 0.55, 0.6, 0.775, 22.65489651179625
962, 0.275, 0.5, 0.55125, 0.55, 0.625, 0.75, 22.860317100075292
963, 0.275, 0.5, 0.554875, 0.55, 0.60625, 0.75, 22.70277570041567
964, 0.3, 0.475, 0.53825, 0.525, 0.6, 0.725, 21.654602778893697
965, 0.35, 0.5, 0.55925, 0.55, 0.625, 0.8, 22.81133956172912
966, 0.325, 0.5, 0.5587500000000001, 0.55, 0.625, 0.875, 22.710214178189396
967, 0.3, 0.5, 0.547375, 0.55, 0.6, 0.8, 22.742588936172737
968, 0.275, 0.5, 0.559375, 0.575, 0.625, 0.825, 23.595639699118372
969, 0.275, 0.5, 0.5622499999999999, 0.55, 0.625, 0.85, 22.774357293241714
970, 0.325, 0.5, 0.54875, 0.55, 0.6, 0.75, 22.712097005359922
971, 0.3, 0.475, 0.5415, 0.55, 0.6, 0.85, 22.689325321306534
972, 0.325, 0.475, 0.537625, 0.525, 0.6, 0.8, 21.781660943170273
973, 0.3, 0.475, 0.53825, 0.55, 0.6, 0.775, 22.664384344627763
974, 0.3, 0.5, 0.543875, 0.55, 0.6, 0.75, 22.601238107306756
975, 0.275, 0.475, 0.5403749999999999, 0.525, 0.6, 0.825, 21.74010561506706
976, 0.25, 0.49375, 0.546125, 0.55, 0.6, 0.85, 22.670076650294117
977, 0.275, 0.5, 0.546875, 0.55, 0.58125, 0.825, 22.57815573236453
978, 0.35, 0.475, 0.544625, 0.55, 0.6, 0.725, 22.621621419332076
979, 0.3, 0.475, 0.536125, 0.525, 0.6, 0.8, 21.748094007633448
980, 0.275, 0.475, 0.54525, 0.55, 0.6, 0.825, 22.581010980294632
981, 0.325, 0.5, 0.549, 0.55, 0.6, 0.85, 22.663255770818793
982, 0.325, 0.475, 0.541, 0.55, 0.6, 0.775, 22.553485549485043
983, 0.3, 0.475, 0.538625, 0.55, 0.6, 0.725, 22.552624672015348
984, 0.375, 0.475, 0.5393749999999999, 0.525, 0.6, 0.825, 21.829367439377194
985, 0.3, 0.475, 0.5431250000000001, 0.55, 0.6, 0.75, 22.521086164433697
986, 0.35, 0.475, 0.5505, 0.55, 0.6, 0.725, 22.771151517959474
987, 0.325, 0.49375, 0.55275, 0.55, 0.625, 0.825, 22.706421693837342
988, 0.3, 0.5, 0.555125, 0.55, 0.625, 0.75, 22.810055587030533
989, 0.275, 0.475, 0.54575, 0.55, 0.6, 0.8, 22.657596471750814
990, 0.275, 0.475, 0.531875, 0.525, 0.6, 0.775, 21.70875450854442
991, 0.3, 0.475, 0.539625, 0.55, 0.6, 0.85, 22.617712212976294
992, 0.3, 0.475, 0.5403749999999999, 0.55, 0.6, 0.825, 22.555680509884283
993, 0.275, 0.475, 0.540125, 0.525, 0.6, 0.8, 21.80914384491902
994, 0.35, 0.5, 0.553625, 0.55, 0.625, 0.825, 22.78125558879244
995, 0.325, 0.45, 0.526875, 0.525, 0.575, 0.775, 21.648995794698727
996, 0.3, 0.475, 0.541, 0.525, 0.6, 0.825, 21.789902107832525
997, 0.25, 0.475, 0.536875, 0.55, 0.6, 0.775, 22.65676883722339
998, 0.275, 0.475, 0.5415, 0.55, 0.6, 0.75, 22.63571787198625
999, 0.35, 0.475, 0.538625, 0.525, 0.6, 0.775, 21.870683579220866
1000, 0.3, 0.475, 0.53825, 0.55, 0.6, 0.75, 22.6512631483805
1001, 0.325, 0.475, 0.525375, 0.525, 0.575, 0.725, 21.61860987948331
1002, 0.3, 0.475, 0.530625, 0.525, 0.575, 0.775, 21.730072968150488
1003, 0.325, 0.475, 0.5465, 0.55, 0.6, 0.8, 22.73285067694742
1004, 0.35, 0.475, 0.533375, 0.525, 0.6, 0.75, 21.678461780089226
1005, 0.325, 0.475, 0.5426249999999999, 0.55, 0.6, 0.775, 22.468629684199684
1006, 0.325, 0.475, 0.539875, 0.55, 0.6, 0.775, 22.57675504521432
1007, 0.325, 0.5, 0.550125, 0.55, 0.6, 0.85, 22.674137191600018
1008, 0.325, 0.5, 0.54825, 0.55, 0.6, 0.75, 22.62235723962912
1009, 0.3, 0.5, 0.5533750000000001, 0.55, 0.625, 0.825, 22.607901341459343
1010, 0.35, 0.5, 0.5435, 0.55, 0.6, 0.8, 22.638690796454142
1011, 0.3, 0.475, 0.534875, 0.55, 0.575, 0.725, 22.553994480701242
1012, 0.325, 0.475, 0.538625, 0.5375, 0.6, 0.725, 22.194632628886254
1013, 0.275, 0.475, 0.536125, 0.525, 0.6, 0.775, 21.73805015507651
1014, 0.3, 0.475, 0.53525, 0.525, 0.6, 0.75, 21.74386538438914
1015, 0.275, 0.475, 0.542375, 0.55, 0.6, 0.775, 22.655453124073034
1016, 0.275, 0.475, 0.544625, 0.55, 0.6, 0.75, 22.65917968379965
1017, 0.325, 0.5, 0.5403749999999999, 0.55, 0.6, 0.775, 22.548425167519852
1018, 0.3, 0.475, 0.548125, 0.55, 0.6, 0.775, 22.518335118723684
1019, 0.375, 0.5, 0.556375, 0.55, 0.6, 0.8, 22.707557473352615
1020, 0.325, 0.475, 0.538625, 0.55, 0.6, 0.825, 22.60212712107397
1021, 0.325, 0.5, 0.55125, 0.55, 0.6, 0.775, 22.658801322762358
1022, 0.3, 0.475, 0.547375, 0.55, 0.6, 0.8, 22.700838925696495
1023, 0.3, 0.475, 0.542, 0.55, 0.6, 0.775, 22.603912050669106
1024, 0.375, 0.475, 0.541625, 0.525, 0.6, 0.75, 21.701119724308327
1025, 0.325, 0.5, 0.55125, 0.55, 0.60625, 0.775, 22.696785782734544
1026, 0.275, 0.5, 0.548875, 0.55, 0.6, 0.775, 22.641592709195358
1027, 0.3, 0.5, 0.5507500000000001, 0.55, 0.625, 0.825, 22.6824129458816
1028, 0.325, 0.475, 0.549, 0.55, 0.625, 0.8, 22.7300118160032
1029, 0.325, 0.475, 0.537125, 0.55, 0.6, 0.775, 22.490340371502462
1030, 0.225, 0.5, 0.54525, 0.55, 0.6, 0.75, 22.608753186046663
1031, 0.35, 0.475, 0.5375, 0.525, 0.6, 0.8, 21.83432951479398
1032, 0.3, 0.475, 0.54325, 0.55, 0.625, 0.825, 22.552925162899378
1033, 0.3, 0.475, 0.538625, 0.525, 0.6, 0.825, 21.93161914795558
1034, 0.3, 0.475, 0.543625, 0.55, 0.6, 0.75, 22.57685761954326
1035, 0.325, 0.5, 0.55375, 0.55, 0.60625, 0.8, 22.748895085743857
1036, 0.3, 0.5, 0.552875, 0.55, 0.625, 0.775, 22.713186465295244
1037, 0.275, 0.5, 0.546375, 0.55, 0.6, 0.8, 22.61356193570858
1038, 0.25, 0.5, 0.5573750000000001, 0.55, 0.625, 0.875, 22.88346220588075
1039, 0.325, 0.5, 0.555375, 0.55, 0.6, 0.825, 22.779861983821696
1040, 0.325, 0.475, 0.5443749999999999, 0.55, 0.625, 0.8, 22.685966122837094
1041, 0.325, 0.475, 0.543875, 0.55, 0.6, 0.8, 22.462337344456902
1042, 0.325, 0.475, 0.53575, 0.525, 0.6, 0.775, 21.775114364701643
1043, 0.35, 0.5, 0.5466249999999999, 0.55, 0.6, 0.8, 22.638548574462476
1044, 0.325, 0.475, 0.5415, 0.55, 0.6, 0.725, 22.61787065663553
1045, 0.3, 0.5, 0.5405, 0.55, 0.6, 0.875, 22.63134405259379
1046, 0.325, 0.49375, 0.5475, 0.55, 0.6, 0.75, 22.719271854255208
1047, 0.35, 0.475, 0.5547500000000001, 0.55, 0.60625, 0.775, 22.77595357437832
1048, 0.325, 0.5, 0.55175, 0.55, 0.6, 0.8, 22.66851368426379
1049, 0.325, 0.475, 0.54975, 0.55, 0.6, 0.775, 22.701178255057123
1050, 0.325, 0.475, 0.5507500000000001, 0.55, 0.6, 0.8, 22.777305950485513
1051, 0.325, 0.49375, 0.546875, 0.55, 0.6, 0.775, 22.647787808396604
1052, 0.325, 0.475, 0.5466249999999999, 0.55, 0.6, 0.8, 22.58996410271613
1053, 0.225, 0.5, 0.550125, 0.55, 0.6, 0.8, 22.716622763398917
1054, 0.3, 0.475, 0.5465, 0.55, 0.6, 0.85, 22.71912873493352
1055, 0.325, 0.5, 0.553125, 0.55, 0.6, 0.925, 22.76211152234233
1056, 0.325, 0.5, 0.552375, 0.55, 0.625, 0.85, 22.821635577371026
1057, 0.325, 0.5, 0.5525, 0.55, 0.625, 0.8, 22.78808212225262
1058, 0.325, 0.5, 0.54825, 0.55, 0.6, 0.725, 22.64511578028236
1059, 0.35, 0.5, 0.557125, 0.55, 0.60625, 0.775, 22.819609294534512
1060, 0.325, 0.475, 0.54725, 0.525, 0.625, 0.8, 21.8739570785031
1061, 0.35, 0.5, 0.556875, 0.55, 0.625, 0.775, 22.807354233830818
1062, 0.3, 0.5, 0.5549999999999999, 0.575, 0.6, 0.8, 23.584811646254362
1063, 0.275, 0.5, 0.548875, 0.55, 0.6, 0.8, 22.628341793321123
1064, 0.325, 0.5, 0.553625, 0.55, 0.6, 0.775, 22.724800421733526
1065, 0.325, 0.5, 0.552375, 0.55, 0.625, 0.775, 22.66859849053491
1066, 0.275, 0.5, 0.5535, 0.55, 0.625, 0.825, 22.659631913218284
1067, 0.35, 0.5, 0.558875, 0.55, 0.60625, 0.775, 22.749549786137557
1068, 0.325, 0.5, 0.5565, 0.55, 0.625, 0.8, 22.665821697335424
1069, 0.3, 0.475, 0.545875, 0.55, 0.625, 0.825, 22.607945639845354
1070, 0.3, 0.5, 0.55175, 0.55, 0.625, 0.75, 22.68404196603136
1071, 0.35, 0.475, 0.5493750000000001, 0.55, 0.60625, 0.825, 22.661087803186938
1072, 0.325, 0.49375, 0.559625, 0.55, 0.625, 0.825, 22.85974425036257
1073, 0.325, 0.49375, 0.555875, 0.575, 0.6, 0.85, 23.651746254170803
1074, 0.35, 0.49375, 0.5507500000000001, 0.55, 0.6, 0.825, 22.66623840402407
1075, 0.35, 0.5, 0.547625, 0.55, 0.6, 0.775, 22.703048565405687
1076, 0.3, 0.5, 0.560875, 0.575, 0.625, 0.75, 23.63532417369536
1077, 0.35, 0.5, 0.5655, 0.575, 0.625, 0.825, 23.60406788409086
1078, 0.375, 0.5, 0.5650000000000001, 0.575, 0.625, 0.825, 23.608786387556037
1079, 0.275, 0.5, 0.563875, 0.55, 0.625, 0.75, 22.88506283608347
1080, 0.35, 0.5, 0.5706249999999999, 0.575, 0.625, 0.825, 23.74917020311877
1081, 0.35, 0.5, 0.555125, 0.55, 0.625, 0.775, 22.72161949031122
1082, 0.325, 0.5, 0.5625, 0.55, 0.625, 0.775, 22.814496579199236
1083, 0.3, 0.5, 0.563625, 0.55, 0.60625, 0.775, 22.869316504514174
1084, 0.325, 0.5, 0.5515, 0.55, 0.6, 0.8, 22.737262671510273
1085, 0.325, 0.5, 0.556375, 0.55, 0.625, 0.825, 22.684012380138306
1086, 0.325, 0.5, 0.561, 0.575, 0.625, 0.8, 23.604759202008566
1087, 0.325, 0.5, 0.5535, 0.55, 0.6, 0.8, 22.657097892266833
1088, 0.35, 0.5, 0.5756249999999999, 0.575, 0.65, 0.85, 23.808938921602277
1089, 0.275, 0.5, 0.5625, 0.55, 0.625, 0.775, 22.780393638265082
1090, 0.4, 0.5, 0.556125, 0.55, 0.625, 0.775, 22.79409114867039
1091, 0.375, 0.49375, 0.544875, 0.55, 0.6, 0.875, 22.520667215933585
1092, 0.275, 0.5, 0.546, 0.55, 0.6, 0.8, 22.67508590409841
1093, 0.35, 0.5, 0.5506249999999999, 0.55, 0.6, 0.825, 22.692190683232496
1094, 0.325, 0.5, 0.544625, 0.55, 0.6, 0.75, 22.525004438358316
1095, 0.3, 0.475, 0.534, 0.5375, 0.6, 0.8, 22.206878889848927
1096, 0.325, 0.5, 0.55425, 0.55, 0.625, 0.775, 22.776711021566584
1097, 0.25, 0.475, 0.550125, 0.55, 0.6, 0.75, 22.663791572221317
1098, 0.3, 0.5, 0.5546249999999999, 0.55, 0.625, 0.775, 22.74709858224116
1099, 0.325, 0.475, 0.548375, 0.55, 0.625, 0.775, 22.53089915113428
1100, 0.4, 0.49375, 0.551625, 0.55, 0.6, 0.75, 22.786176387296862
1101, 0.3, 0.5, 0.5627500000000001, 0.55, 0.625, 0.825, 22.914271306855518
1102, 0.325, 0.475, 0.5493750000000001, 0.55, 0.625, 0.775, 22.720969191341766
1103, 0.325, 0.5, 0.556375, 0.55, 0.625, 0.75, 22.800116343297542
1104, 0.325, 0.475, 0.5355000000000001, 0.525, 0.6, 0.75, 21.955347871326033
1105, 0.325, 0.5, 0.5625, 0.575, 0.625, 0.75, 23.602337220535198
1106, 0.3, 0.5, 0.553875, 0.55, 0.625, 0.775, 22.684775427059222
1107, 0.275, 0.475, 0.546, 0.55, 0.6, 0.775, 22.59977664221846
1108, 0.3, 0.475, 0.5389999999999999, 0.525, 0.6, 0.775, 21.75055000648065
1109, 0.275, 0.475, 0.537125, 0.55, 0.6, 0.75, 22.614805557815444
1110, 0.3, 0.45, 0.52925, 0.525, 0.575, 0.8, 21.9632061352318
1111, 0.275, 0.475, 0.537875, 0.55, 0.6, 0.825, 22.520991021087518
1112, 0.325, 0.475, 0.5485, 0.55, 0.6, 0.775, 22.570718533326527
1113, 0.3, 0.475, 0.552875, 0.55, 0.625, 0.75, 22.718899662134163
1114, 0.325, 0.475, 0.536, 0.55, 0.6, 0.85, 22.640225246218996
1115, 0.325, 0.5, 0.5467500000000001, 0.55, 0.6, 0.75, 22.60242054986201
1116, 0.3, 0.5, 0.545125, 0.55, 0.6, 0.75, 22.536350966187047
1117, 0.325, 0.5, 0.5443749999999999, 0.55, 0.6, 0.8, 22.55628184005664
1118, 0.3, 0.5, 0.55175, 0.55, 0.60625, 0.8, 22.850833961119502
1119, 0.275, 0.475, 0.543625, 0.525, 0.6, 0.75, 21.93318851357325
1120, 0.3, 0.475, 0.538125, 0.525, 0.6, 0.875, 21.77758661709317
1121, 0.3, 0.5, 0.548625, 0.55, 0.6, 0.75, 22.63418112719943
1122, 0.3, 0.5, 0.545875, 0.55, 0.6, 0.725, 22.621292375168622
1123, 0.3, 0.475, 0.54425, 0.55, 0.6, 0.8, 22.752206216842414
1124, 0.3, 0.5, 0.549, 0.55, 0.6, 0.775, 22.56281580068067
1125, 0.35, 0.5, 0.559125, 0.55, 0.625, 0.825, 22.743385787011047
1126, 0.3, 0.5, 0.562875, 0.575, 0.625, 0.8, 23.61512022606668
1127, 0.3, 0.475, 0.550125, 0.55, 0.625, 0.75, 22.693244384319723
1128, 0.325, 0.475, 0.54025, 0.525, 0.6, 0.8, 21.791592047783908
1129, 0.25, 0.475, 0.5417500000000001, 0.525, 0.6, 0.75, 21.832182028887253
1130, 0.35, 0.49375, 0.5533750000000001, 0.55, 0.625, 0.75, 22.801466489349107
1131, 0.3, 0.5, 0.548125, 0.55, 0.6, 0.8, 22.640628089329105
1132, 0.325, 0.5, 0.545, 0.55, 0.6, 0.775, 22.701559007646473
1133, 0.35, 0.5, 0.55125, 0.55, 0.6, 0.775, 22.676291019819857
1134, 0.2, 0.49375, 0.54425, 0.55, 0.6, 0.8, 22.715745212225247
1135, 0.35, 0.475, 0.5465, 0.55, 0.6, 0.75, 22.634807996053553
1136, 0.3, 0.49375, 0.55175, 0.55, 0.625, 0.8, 22.77748105101694
1137, 0.325, 0.475, 0.5425, 0.55, 0.6, 0.775, 22.583928494696387
1138, 0.3, 0.49375, 0.5535, 0.55, 0.60625, 0.85, 22.764353285055726
1139, 0.325, 0.5, 0.5586249999999999, 0.55, 0.625, 0.775, 22.83312334470991
1140, 0.3, 0.5, 0.553, 0.55, 0.625, 0.75, 22.688832392464576
1141, 0.3, 0.5, 0.55175, 0.55, 0.6, 0.775, 22.77706860256193
1142, 0.325, 0.5, 0.560375, 0.575, 0.625, 0.775, 23.527587508966295
1143, 0.3, 0.5, 0.555625, 0.55, 0.6, 0.825, 22.834482507824653
1144, 0.35, 0.5, 0.5583750000000001, 0.575, 0.625, 0.775, 23.643693002831675
1145, 0.3, 0.5, 0.56125, 0.575, 0.625, 0.85, 23.669575645373765
1146, 0.325, 0.475, 0.552875, 0.55, 0.625, 0.8, 22.732767172061187
1147, 0.375, 0.5, 0.555875, 0.575, 0.625, 0.775, 23.536503967680428
1148, 0.325, 0.49375, 0.5565, 0.55, 0.625, 0.8, 22.76057626667414
1149, 0.325, 0.5, 0.55375, 0.55, 0.625, 0.8, 22.804530098937626
1150, 0.375, 0.5, 0.550125, 0.55, 0.6, 0.775, 22.716427339985138
1151, 0.325, 0.5, 0.5586249999999999, 0.55, 0.625, 0.85, 22.845717719952727
1152, 0.325, 0.5, 0.552375, 0.5625, 0.6, 0.75, 23.200854176076277
1153, 0.35, 0.525, 0.561125, 0.55, 0.625, 0.775, 22.815388744191246
1154, 0.3, 0.5, 0.55625, 0.55, 0.625, 0.85, 22.74575773991534
1155, 0.3, 0.51875, 0.5676249999999999, 0.575, 0.625, 0.775, 23.761004378267078
1156, 0.325, 0.5, 0.5627500000000001, 0.575, 0.625, 0.775, 23.607652127469596
1157, 0.325, 0.5, 0.55725, 0.55, 0.625, 0.725, 22.78551777648378
1158, 0.225, 0.5, 0.569125, 0.575, 0.625, 0.8, 23.790428119377854
1159, 0.275, 0.5, 0.5573750000000001, 0.55, 0.625, 0.875, 22.83216082959562
1160, 0.3, 0.5, 0.55575, 0.55, 0.625, 0.8, 22.673709038986303
1161, 0.325, 0.475, 0.5485, 0.55, 0.6, 0.75, 22.66459119776463
1162, 0.275, 0.5, 0.559375, 0.5625, 0.625, 0.8, 23.23788683893198
1163, 0.325, 0.5, 0.5575, 0.575, 0.625, 0.775, 23.531593850889543
1164, 0.325, 0.5, 0.5595, 0.55, 0.625, 0.875, 22.980354859615744
1165, 0.35, 0.49375, 0.5511250000000001, 0.55, 0.6, 0.8, 22.634065995253238
1166, 0.35, 0.5, 0.561375, 0.575, 0.625, 0.75, 23.62171236221876
1167, 0.375, 0.5, 0.5595, 0.5625, 0.625, 0.775, 23.219242889659032
1168, 0.325, 0.475, 0.554125, 0.55, 0.625, 0.775, 22.79696355743116
1169, 0.35, 0.5, 0.5583750000000001, 0.55, 0.625, 0.85, 22.858083722854836
1170, 0.3, 0.5, 0.553875, 0.5625, 0.625, 0.775, 23.241916509172675
1171, 0.3, 0.5, 0.560625, 0.55, 0.625, 0.825, 22.914219679534632
1172, 0.35, 0.5, 0.5515, 0.55, 0.6, 0.8, 22.78935261037742
1173, 0.35, 0.5, 0.5555, 0.55, 0.625, 0.75, 22.718631729332376
1174, 0.325, 0.475, 0.549875, 0.55, 0.625, 0.775, 22.753159182036704
1175, 0.3, 0.5, 0.5626249999999999, 0.575, 0.625, 0.825, 23.691260528711993
1176, 0.375, 0.475, 0.55225, 0.55, 0.625, 0.775, 22.725145983973256
1177, 0.275, 0.475, 0.548375, 0.55, 0.6, 0.775, 22.67589098050407
1178, 0.325, 0.475, 0.544625, 0.55, 0.6, 0.8, 22.627133661620764
1179, 0.3, 0.475, 0.54775, 0.55, 0.6, 0.775, 22.847994257870866
1180, 0.3, 0.5, 0.556375, 0.575, 0.625, 0.75, 23.487573947482048
1181, 0.275, 0.5, 0.55525, 0.55, 0.625, 0.85, 22.83413753684158
1182, 0.375, 0.5, 0.565375, 0.5625, 0.625, 0.875, 23.23699244548099
1183, 0.3, 0.5, 0.5547500000000001, 0.55, 0.625, 0.75, 22.725566439853882
1184, 0.35, 0.5, 0.55625, 0.55, 0.625, 0.775, 22.979700901583488
1185, 0.3, 0.5, 0.5583750000000001, 0.5625, 0.6, 0.75, 23.304952633999562
1186, 0.275, 0.5, 0.562125, 0.575, 0.625, 0.775, 23.571779865087905
1187, 0.325, 0.5, 0.5575, 0.55, 0.625, 0.775, 22.82013820174566
1188, 0.35, 0.5, 0.559125, 0.55, 0.625, 0.8, 22.850439739589927
1189, 0.35, 0.5, 0.553, 0.55, 0.625, 0.75, 22.79462544016721
1190, 0.3, 0.475, 0.5515, 0.575, 0.6, 0.825, 23.543884641018217
1191, 0.325, 0.49375, 0.55275, 0.55, 0.625, 0.775, 22.78514340426222
1192, 0.325, 0.5, 0.55675, 0.55, 0.6, 0.775, 22.761539798963867
1193, 0.3, 0.5, 0.555375, 0.55, 0.625, 0.775, 22.68807065743708
1194, 0.35, 0.475, 0.54225, 0.55, 0.6, 0.75, 22.582426852831958
1195, 0.3, 0.475, 0.546, 0.55, 0.6, 0.775, 22.646966599826385
1196, 0.3, 0.5, 0.5586249999999999, 0.575, 0.625, 0.775, 23.693888213813228
1197, 0.275, 0.5, 0.55325, 0.55, 0.6, 0.825, 22.63667654519275
1198, 0.325, 0.5, 0.565125, 0.575, 0.625, 0.75, 23.657764517066234
1199, 0.35, 0.5, 0.562125, 0.55, 0.625, 0.825, 22.753133944291925
1200, 0.275, 0.5, 0.5575, 0.55, 0.625, 0.825, 22.714120325329432
1201, 0.3, 0.5, 0.557, 0.55, 0.60625, 0.775, 22.85418078924691
1202, 0.3, 0.5, 0.5525, 0.55, 0.60625, 0.8, 22.681452996305566
1203, 0.35, 0.5, 0.569625, 0.575, 0.625, 0.8, 23.58031828067464
1204, 0.375, 0.5, 0.558125, 0.55, 0.6, 0.825, 22.708171446661865
1205, 0.375, 0.525, 0.5742499999999999, 0.575, 0.625, 0.8, 23.656430263674416
1206, 0.325, 0.475, 0.5503750000000001, 0.55, 0.625, 0.8, 22.732002215795198
1207, 0.325, 0.5, 0.5690000000000001, 0.575, 0.625, 0.775, 23.682193321911125
1208, 0.275, 0.475, 0.5509999999999999, 0.55, 0.625, 0.775, 22.67902262843185
1209, 0.275, 0.475, 0.544, 0.55, 0.6, 0.75, 22.622103983778295
1210, 0.35, 0.5, 0.560875, 0.575, 0.625, 0.8, 23.457744999754418
1211, 0.275, 0.5, 0.553875, 0.55, 0.625, 0.775, 22.73666747096763
1212, 0.325, 0.5, 0.5605, 0.55, 0.625, 0.8, 22.785391162812136
1213, 0.25, 0.5, 0.563125, 0.5625, 0.625, 0.8, 23.2449564207092
1214, 0.3, 0.5, 0.55525, 0.55, 0.625, 0.775, 22.859014699301742
1215, 0.325, 0.5, 0.5635, 0.575, 0.625, 0.825, 23.543731714261362
1216, 0.35, 0.5, 0.5660000000000001, 0.575, 0.625, 0.85, 23.64640750552995
1217, 0.3, 0.5, 0.559375, 0.575, 0.625, 0.775, 23.59148862232172
1218, 0.325, 0.5, 0.559125, 0.55, 0.625, 0.775, 22.788515082825725
1219, 0.35, 0.5, 0.559625, 0.55, 0.625, 0.8, 22.76556957454435
1220, 0.275, 0.5, 0.5586249999999999, 0.575, 0.625, 0.8, 23.55925141529389
1221, 0.3, 0.5, 0.5545, 0.55, 0.6, 0.85, 22.74967664331605
1222, 0.35, 0.475, 0.55725, 0.575, 0.625, 0.775, 23.52910160315407
1223, 0.375, 0.5, 0.570125, 0.575, 0.625, 0.8, 23.652151783477443
1224, 0.325, 0.5, 0.554875, 0.55, 0.6, 0.8, 22.664611698951404
1225, 0.325, 0.5, 0.56325, 0.575, 0.625, 0.775, 23.66764475337024
1226, 0.3, 0.5, 0.565375, 0.575, 0.625, 0.775, 23.64391146966381
1227, 0.35, 0.5, 0.5716249999999999, 0.575, 0.65, 0.775, 23.70594857055072
1228, 0.3, 0.5, 0.5626249999999999, 0.55, 0.625, 0.8, 22.793031292798368
1229, 0.35, 0.5, 0.5663750000000001, 0.575, 0.625, 0.825, 23.634634720982973
1230, 0.35, 0.5, 0.56875, 0.5625, 0.625, 0.8, 23.2624771340043
1231, 0.325, 0.5, 0.563375, 0.575, 0.625, 0.8, 23.582967590569304
1232, 0.35, 0.525, 0.572375, 0.575, 0.625, 0.8, 23.802520269204827
1233, 0.3, 0.5, 0.5573750000000001, 0.575, 0.625, 0.75, 23.659251372232106
1234, 0.35, 0.5, 0.562875, 0.55, 0.625, 0.775, 22.831143564906647
1235, 0.35, 0.5, 0.5676249999999999, 0.575, 0.625, 0.8, 23.734978238211085
1236, 0.3, 0.5, 0.558875, 0.55, 0.625, 0.8, 22.81438081827677
1237, 0.3, 0.5, 0.560625, 0.55, 0.625, 0.8, 22.827011418359554
1238, 0.35, 0.51875, 0.563625, 0.575, 0.625, 0.8, 23.635308454759723
1239, 0.375, 0.525, 0.5662499999999999, 0.575, 0.6, 0.8, 23.51071709099338
1240, 0.325, 0.525, 0.56975, 0.575, 0.625, 0.8, 23.664699076216653
1241, 0.325, 0.525, 0.572125, 0.575, 0.625, 0.85, 23.656215612211245
1242, 0.325, 0.525, 0.5778749999999999, 0.575, 0.625, 0.825, 23.81224371875144
1243, 0.325, 0.525, 0.576875, 0.575, 0.625, 0.775, 23.646536107633253
1244, 0.375, 0.5, 0.559875, 0.55, 0.625, 0.825, 22.797399265038003
1245, 0.35, 0.5, 0.5589999999999999, 0.5625, 0.625, 0.775, 23.211060106231415
1246, 0.325, 0.51875, 0.56725, 0.55, 0.625, 0.775, 22.815891441066306
1247, 0.325, 0.5, 0.5543750000000001, 0.55, 0.6, 0.85, 22.743764029832768
1248, 0.3, 0.5, 0.5585, 0.55, 0.625, 0.85, 22.884189742138318
1249, 0.3, 0.5, 0.555625, 0.55, 0.625, 0.775, 22.734338869658128
1250, 0.325, 0.475, 0.55025, 0.55, 0.625, 0.8, 22.70582766561359
1251, 0.35, 0.5, 0.55625, 0.55, 0.625, 0.8, 22.821384479290785
1252, 0.325, 0.5, 0.5583750000000001, 0.5625, 0.625, 0.75, 23.21167827797987
1253, 0.275, 0.5, 0.559125, 0.55, 0.625, 0.825, 22.87940292980629
1254, 0.25, 0.5, 0.5660000000000001, 0.55, 0.625, 0.85, 22.927151758076405
1255, 0.375, 0.5, 0.55625, 0.55, 0.625, 0.8, 22.796204872330964
1256, 0.35, 0.5, 0.55275, 0.55, 0.6, 0.75, 22.82206501274539
1257, 0.3, 0.5, 0.553625, 0.55, 0.6, 0.85, 22.69943328350222
1258, 0.275, 0.5, 0.55975, 0.55, 0.60625, 0.925, 22.752134494942823
1259, 0.4, 0.5, 0.564125, 0.575, 0.625, 0.8, 23.64662043236588
1260, 0.275, 0.5, 0.5519999999999999, 0.55, 0.625, 0.775, 22.74971835208982
1261, 0.3, 0.5, 0.56475, 0.575, 0.625, 0.8, 23.697672296534172
1262, 0.3, 0.5, 0.5582499999999999, 0.55, 0.60625, 0.775, 23.009704946102687
1263, 0.3, 0.5, 0.559125, 0.55, 0.625, 0.75, 22.852704488645642
1264, 0.325, 0.5, 0.555625, 0.55, 0.625, 0.825, 22.764366508338263
1265, 0.325, 0.475, 0.5525, 0.55, 0.60625, 0.775, 22.750998144973607
1266, 0.325, 0.5, 0.549875, 0.55, 0.6, 0.75, 22.668442069108636
1267, 0.325, 0.5, 0.55, 0.55, 0.6, 0.775, 22.683337541550415
1268, 0.325, 0.49375, 0.550125, 0.55, 0.6, 0.775, 22.647073345290828
1269, 0.375, 0.475, 0.5595, 0.575, 0.625, 0.75, 23.63604681784615
1270, 0.275, 0.5, 0.55525, 0.55, 0.625, 0.825, 22.74309678051337
1271, 0.35, 0.475, 0.55025, 0.55, 0.625, 0.725, 22.69762629172737
1272, 0.275, 0.475, 0.549875, 0.55, 0.625, 0.8, 22.69437207032275
1273, 0.325, 0.5, 0.559625, 0.575, 0.625, 0.8, 23.645189303435995
1274, 0.3, 0.475, 0.54225, 0.55, 0.60625, 0.775, 22.555230766748224
1275, 0.325, 0.475, 0.537, 0.525, 0.6, 0.8, 21.73920705335083
1276, 0.3, 0.475, 0.5546249999999999, 0.55, 0.625, 0.8, 22.84784784161127
1277, 0.25, 0.475, 0.5445, 0.55, 0.6, 0.775, 22.605472505279707
1278, 0.35, 0.475, 0.55225, 0.55, 0.6, 0.8, 22.682788871807986
1279, 0.275, 0.475, 0.544125, 0.55, 0.6, 0.75, 22.489987918085095
1280, 0.275, 0.475, 0.54425, 0.55, 0.6, 0.75, 22.599039296385264
1281, 0.375, 0.5, 0.551625, 0.55, 0.6, 0.825, 22.5953850781639
1282, 0.325, 0.5, 0.5515, 0.55, 0.6, 0.75, 22.691433228756054
1283, 0.3, 0.5, 0.545875, 0.55, 0.6, 0.8, 22.640549719192705
1284, 0.275, 0.5, 0.5549999999999999, 0.55, 0.60625, 0.775, 22.721538446358295
1285, 0.325, 0.5, 0.556375, 0.55, 0.6, 0.75, 22.808230951026857
1286, 0.3, 0.475, 0.546875, 0.55, 0.6, 0.8, 22.71398305893203
1287, 0.3, 0.5, 0.545375, 0.55, 0.6, 0.775, 22.669555100824844
1288, 0.275, 0.49375, 0.5485, 0.55, 0.6, 0.775, 22.619600584709225
1289, 0.3, 0.5, 0.55275, 0.55, 0.6, 0.775, 22.684449242938204
1290, 0.35, 0.5, 0.561875, 0.55, 0.625, 0.8, 22.884296854595835
1291, 0.3, 0.5, 0.538, 0.55, 0.6, 0.775, 22.482515580977314
1292, 0.35, 0.475, 0.54375, 0.55, 0.6, 0.8, 22.613419736530314
1293, 0.325, 0.5, 0.546875, 0.55, 0.6, 0.8, 22.706970615321275
1294, 0.35, 0.5, 0.553875, 0.55, 0.6, 0.775, 22.649006050755418
1295, 0.3, 0.49375, 0.54225, 0.55, 0.6, 0.8, 22.62913301299442
1296, 0.3, 0.475, 0.542875, 0.55, 0.6, 0.775, 22.640008969066617
1297, 0.35, 0.49375, 0.54625, 0.55, 0.6, 0.85, 22.682083144009646
1298, 0.275, 0.49375, 0.545875, 0.55, 0.6, 0.8, 22.588726911991383
1299, 0.325, 0.5, 0.557125, 0.55, 0.625, 0.775, 22.852432843121353
1300, 0.35, 0.5, 0.551625, 0.55, 0.6, 0.725, 22.734046567780943
1301, 0.325, 0.5, 0.5433749999999999, 0.55, 0.6, 0.8, 22.58301279456103
1302, 0.275, 0.475, 0.538125, 0.5375, 0.6, 0.75, 22.18896879991879
1303, 0.25, 0.5, 0.554125, 0.55, 0.625, 0.75, 22.810125261801502
1304, 0.3, 0.5, 0.556625, 0.55, 0.625, 0.8, 22.70547946011505
1305, 0.275, 0.475, 0.542875, 0.55, 0.6, 0.775, 22.59946138496211
1306, 0.35, 0.5, 0.558, 0.55, 0.625, 0.8, 22.80439602693702
1307, 0.3, 0.5, 0.562125, 0.55, 0.625, 0.775, 22.817349976293613
1308, 0.35, 0.5, 0.55325, 0.55, 0.60625, 0.775, 22.747817441981553
1309, 0.325, 0.5, 0.5559999999999999, 0.55, 0.625, 0.775, 22.88377535852036
1310, 0.325, 0.5, 0.5375, 0.55, 0.6, 0.75, 22.569713576856778
1311, 0.35, 0.475, 0.54875, 0.55, 0.6, 0.8, 22.5914503926187
1312, 0.35, 0.5, 0.5429999999999999, 0.55, 0.6, 0.75, 22.633899855515622
1313, 0.35, 0.475, 0.54625, 0.55, 0.6, 0.75, 22.577056499819378
1314, 0.35, 0.5, 0.5533750000000001, 0.55, 0.6, 0.775, 22.720726846787926
1315, 0.325, 0.5, 0.55325, 0.55, 0.6, 0.775, 22.759452038494103
1316, 0.3, 0.5, 0.5565, 0.55, 0.625, 0.75, 22.883318926133672
1317, 0.325, 0.5, 0.5465, 0.55, 0.6, 0.8, 22.66396996676051
1318, 0.35, 0.5, 0.554125, 0.55, 0.625, 0.8, 22.739679029440843
1319, 0.35, 0.5, 0.5445, 0.55, 0.6, 0.75, 22.534824725973166
1320, 0.3, 0.49375, 0.5467500000000001, 0.55, 0.6, 0.825, 22.70269929045736
1321, 0.325, 0.475, 0.545125, 0.55, 0.6, 0.8, 22.60636360281144
1322, 0.325, 0.475, 0.538, 0.5375, 0.6, 0.775, 22.26796328193945
1323, 0.325, 0.475, 0.540625, 0.55, 0.6, 0.75, 22.635410093170954
1324, 0.375, 0.5, 0.56525, 0.55, 0.625, 0.825, 22.830901118723077
1325, 0.35, 0.5, 0.54775, 0.55, 0.6, 0.75, 22.73229629467805
1326, 0.275, 0.5, 0.553, 0.55, 0.6, 0.75, 22.737402932256952
1327, 0.3, 0.475, 0.546375, 0.55, 0.6, 0.8, 22.656707434975754
1328, 0.3, 0.5, 0.55175, 0.55, 0.625, 0.75, 22.727691708180316
1329, 0.25, 0.475, 0.54475, 0.55, 0.6, 0.75, 22.648623554555606
1330, 0.325, 0.475, 0.550125, 0.55, 0.625, 0.775, 22.732895783041858
1331, 0.325, 0.475, 0.55325, 0.55, 0.625, 0.75, 22.8136871621993
1332, 0.3, 0.475, 0.5431250000000001, 0.55, 0.6, 0.8, 22.46567150221346
1333, 0.325, 0.5, 0.559375, 0.55, 0.625, 0.825, 22.69840668732858
1334, 0.3, 0.5, 0.55225, 0.55, 0.625, 0.8, 22.708322932640836
1335, 0.25, 0.5, 0.56075, 0.55, 0.625, 0.825, 22.88503226947739
1336, 0.275, 0.475, 0.5389999999999999, 0.525, 0.6, 0.825, 21.77949141570226
1337, 0.3, 0.475, 0.5465, 0.55, 0.6, 0.775, 22.713652481152565
1338, 0.35, 0.475, 0.547875, 0.55, 0.6, 0.775, 22.74683113394251
1339, 0.25, 0.475, 0.545, 0.55, 0.6, 0.8, 22.69630272415503
1340, 0.375, 0.5, 0.55975, 0.55, 0.625, 0.775, 22.813703350589346
1341, 0.275, 0.5, 0.541875, 0.55, 0.6, 0.75, 22.672929284130944
1342, 0.35, 0.5, 0.552625, 0.55, 0.625, 0.825, 22.807976804136153
1343, 0.3, 0.5, 0.552625, 0.55, 0.625, 0.75, 22.734474440189253
1344, 0.275, 0.5, 0.548875, 0.55, 0.6, 0.8, 22.777119800399483
1345, 0.3, 0.5, 0.556875, 0.55, 0.625, 0.825, 22.8655222585817
1346, 0.325, 0.5, 0.5573750000000001, 0.55, 0.625, 0.8, 22.877302519811394
1347, 0.3, 0.475, 0.54425, 0.55, 0.6, 0.775, 22.68676725384012
1348, 0.325, 0.475, 0.545, 0.55, 0.625, 0.8, 22.564006623199326
1349, 0.275, 0.5, 0.548375, 0.55, 0.6, 0.8, 22.77583937531918
1350, 0.3, 0.5, 0.549, 0.55, 0.6, 0.775, 22.643885040597475
1351, 0.325, 0.475, 0.54475, 0.55, 0.6, 0.825, 22.622496887007323
1352, 0.35, 0.5, 0.557875, 0.55, 0.625, 0.8, 22.7280745456939
1353, 0.325, 0.5, 0.5555, 0.575, 0.60625, 0.775, 23.66823427961971
1354, 0.3, 0.475, 0.542875, 0.5375, 0.6, 0.75, 22.28382279143367
1355, 0.35, 0.475, 0.55175, 0.55, 0.60625, 0.825, 22.605157794931706
1356, 0.325, 0.5, 0.55025, 0.55, 0.6, 0.775, 22.759608817103796
1357, 0.325, 0.475, 0.548125, 0.55, 0.6, 0.8, 22.6952095326638
1358, 0.3, 0.5, 0.555625, 0.55, 0.625, 0.8, 22.765844064319445
1359, 0.35, 0.5, 0.563625, 0.5625, 0.625, 0.825, 23.251644628647675
1360, 0.35, 0.49375, 0.553625, 0.55, 0.625, 0.775, 22.8305031697663
1361, 0.325, 0.5, 0.554875, 0.55, 0.625, 0.75, 22.791843611534727
1362, 0.3, 0.475, 0.53975, 0.55, 0.6, 0.825, 22.63280240019821
1363, 0.275, 0.475, 0.54775, 0.55, 0.6, 0.875, 22.701002786662006
1364, 0.325, 0.49375, 0.5429999999999999, 0.55, 0.6, 0.75, 22.59129463657601
1365, 0.225, 0.475, 0.5429999999999999, 0.525, 0.6, 0.775, 21.85165401826154
1366, 0.325, 0.5, 0.5493750000000001, 0.55, 0.6, 0.775, 22.605438907331564
1367, 0.275, 0.475, 0.5467500000000001, 0.5375, 0.60625, 0.8, 22.219681614767282
1368, 0.3, 0.475, 0.542125, 0.55, 0.6, 0.775, 22.55975863764052
1369, 0.325, 0.5, 0.5467500000000001, 0.55, 0.6, 0.75, 22.676731316842528
1370, 0.35, 0.5, 0.561875, 0.55, 0.625, 0.8, 22.857556432462378
1371, 0.325, 0.5, 0.551625, 0.55, 0.6, 0.775, 22.65480579949706
1372, 0.3, 0.5, 0.554, 0.55, 0.625, 0.8, 22.825368274292146
1373, 0.35, 0.5, 0.571, 0.575, 0.625, 0.85, 23.622488102124635
1374, 0.35, 0.5, 0.563375, 0.55, 0.625, 0.85, 22.68093031211474
1375, 0.3, 0.5, 0.56525, 0.575, 0.65, 0.775, 23.71442496010407
1376, 0.325, 0.5, 0.55925, 0.55, 0.625, 0.8, 22.81509257317711
1377, 0.35, 0.5, 0.5715, 0.575, 0.625, 0.825, 23.69572214894837
1378, 0.325, 0.475, 0.548375, 0.55, 0.6, 0.775, 22.63949845730101
1379, 0.3, 0.5, 0.559625, 0.575, 0.625, 0.775, 23.648079129466176
1380, 0.3, 0.5, 0.551625, 0.55, 0.6, 0.75, 22.66065224317488
1381, 0.3, 0.5, 0.5582499999999999, 0.55, 0.625, 0.825, 22.76531568336539
1382, 0.325, 0.5, 0.558125, 0.55, 0.625, 0.825, 22.74139774551792
1383, 0.35, 0.5, 0.5595, 0.55, 0.625, 0.8, 22.770388224859516
1384, 0.275, 0.5, 0.559125, 0.5625, 0.625, 0.8, 23.271721512866975
1385, 0.3, 0.5, 0.559875, 0.55, 0.625, 0.775, 22.806061204560855
1386, 0.325, 0.5, 0.564625, 0.55, 0.63125, 0.8, 22.879542393034907
1387, 0.3, 0.5, 0.548375, 0.55, 0.6, 0.75, 22.724350077390852
1388, 0.3, 0.49375, 0.5471250000000001, 0.55, 0.625, 0.775, 22.685821036282203
1389, 0.275, 0.5, 0.5595, 0.55, 0.625, 0.8, 22.960306701081322
1390, 0.325, 0.475, 0.542125, 0.55, 0.6, 0.8, 22.62070682603306
1391, 0.275, 0.475, 0.556375, 0.55, 0.625, 0.8, 22.846512614683157
1392, 0.25, 0.475, 0.54125, 0.5375, 0.625, 0.8, 22.255081632254438
1393, 0.325, 0.475, 0.5506249999999999, 0.55, 0.625, 0.8, 22.704370718845745
1394, 0.35, 0.475, 0.5427500000000001, 0.55, 0.6, 0.8, 22.67722395828386
1395, 0.325, 0.475, 0.5403749999999999, 0.525, 0.6, 0.825, 21.803224335765165
1396, 0.325, 0.5, 0.55425, 0.55, 0.625, 0.775, 22.981861341175552
1397, 0.325, 0.475, 0.546, 0.55, 0.6, 0.8, 22.70927549299356
1398, 0.35, 0.5, 0.5565, 0.55, 0.625, 0.85, 22.80770153100704
1399, 0.3, 0.5, 0.55375, 0.55, 0.625, 0.8, 22.74607023029917
1400, 0.325, 0.475, 0.5565, 0.55, 0.625, 0.775, 22.743930261019912
1401, 0.325, 0.475, 0.5465, 0.525, 0.625, 0.775, 21.932639335035233
1402, 0.325, 0.475, 0.54475, 0.55, 0.6, 0.775, 22.767763387330845
1403, 0.325, 0.5, 0.55175, 0.55, 0.625, 0.825, 22.692554355910335
1404, 0.325, 0.475, 0.5471250000000001, 0.55, 0.6, 0.775, 22.763522403937404
1405, 0.325, 0.5, 0.556875, 0.55, 0.625, 0.8, 22.676274624876395
1406, 0.3, 0.475, 0.552125, 0.55, 0.625, 0.825, 22.637662231154792
1407, 0.3, 0.5, 0.5555, 0.55, 0.625, 0.775, 22.728670400702214
