0, 0.3, 0.45, 0.502875, 0.5, 0.55, 0.775
1, 0.275, 0.45, 0.5059375, 0.5, 0.55, 0.75
2, 0.2, 0.45, 0.5045, 0.5, 0.575, 0.75
3, 0.225, 0.45, 0.49768749999999995, 0.5, 0.55, 0.7
4, 0.2, 0.45, 0.501, 0.5, 0.55, 0.75
5, 0.275, 0.44375, 0.49675, 0.5, 0.55, 0.8
6, 0.275, 0.45, 0.4994375, 0.5, 0.55, 0.725
7, 0.275, 0.45, 0.49868750000000006, 0.5, 0.55, 0.75
8, 0.275, 0.45, 0.4991875, 0.5, 0.55, 0.725
9, 0.275, 0.425, 0.4935625, 0.5, 0.55, 0.775
10, 0.225, 0.425, 0.4956875, 0.5, 0.55, 0.75
11, 0.275, 0.45, 0.499125, 0.5, 0.55, 0.725
12, 0.275, 0.425, 0.48793749999999997, 0.475, 0.55, 0.725
13, 0.225, 0.44375, 0.495, 0.5, 0.55, 0.75
14, 0.275, 0.45, 0.505625, 0.5, 0.575, 0.75
15, 0.25, 0.45, 0.5000625000000001, 0.5, 0.55, 0.725
16, 0.25, 0.45, 0.4993125, 0.5, 0.55, 0.75
17, 0.275, 0.45, 0.495375, 0.5, 0.55, 0.725
18, 0.25, 0.45, 0.498625, 0.5, 0.55, 0.725
19, 0.275, 0.45, 0.50125, 0.5, 0.55, 0.7
20, 0.2, 0.45, 0.5001875, 0.5, 0.55625, 0.775
21, 0.225, 0.45, 0.49349999999999994, 0.5, 0.55, 0.7
22, 0.275, 0.45, 0.506375, 0.5, 0.575, 0.7
23, 0.275, 0.45, 0.5116875000000001, 0.525, 0.575, 0.75
24, 0.275, 0.45, 0.501625, 0.5, 0.55, 0.75
25, 0.3, 0.45, 0.5045, 0.5, 0.575, 0.725
26, 0.3, 0.45, 0.5051249999999999, 0.5, 0.55, 0.75
27, 0.325, 0.45, 0.5005625, 0.5, 0.55, 0.725
28, 0.225, 0.45, 0.5015625, 0.5, 0.575, 0.725
29, 0.225, 0.425, 0.5005625, 0.5, 0.55, 0.75
30, 0.25, 0.45, 0.5133125, 0.5, 0.575, 0.8
31, 0.225, 0.425, 0.4956875, 0.5, 0.55, 0.725
32, 0.275, 0.45, 0.5038750000000001, 0.5, 0.55, 0.725
33, 0.3, 0.45, 0.5094375, 0.5, 0.575, 0.75
34, 0.3, 0.45, 0.506375, 0.5, 0.55625, 0.75
35, 0.225, 0.45, 0.504, 0.5, 0.55625, 0.75
36, 0.3, 0.45, 0.5059375, 0.5, 0.55, 0.725
37, 0.25, 0.425, 0.4885, 0.475, 0.55, 0.7
38, 0.275, 0.45, 0.50325, 0.5, 0.55, 0.75
39, 0.3, 0.45, 0.50475, 0.5, 0.55, 0.7
40, 0.275, 0.45, 0.5061875, 0.5, 0.575, 0.75
41, 0.225, 0.45, 0.5095625, 0.5, 0.575, 0.725
42, 0.25, 0.45, 0.508625, 0.5, 0.575, 0.725
43, 0.225, 0.45, 0.505625, 0.5, 0.55, 0.775
44, 0.275, 0.45, 0.51075, 0.5, 0.575, 0.825
45, 0.275, 0.45, 0.5096875, 0.5, 0.575, 0.825
46, 0.275, 0.45, 0.516625, 0.525, 0.575, 0.775
47, 0.3, 0.45, 0.5083125, 0.5, 0.55625, 0.8
48, 0.275, 0.45, 0.5046875, 0.5, 0.55, 0.775
49, 0.225, 0.45, 0.49924999999999997, 0.5, 0.55, 0.7
50, 0.325, 0.45, 0.5165625, 0.525, 0.575, 0.8
51, 0.275, 0.475, 0.5224375, 0.525, 0.575, 0.8
52, 0.25, 0.45, 0.5059375, 0.5, 0.55, 0.8
53, 0.275, 0.475, 0.5238125, 0.525, 0.575, 0.775
54, 0.275, 0.45, 0.5131249999999999, 0.525, 0.575, 0.7
55, 0.275, 0.45, 0.5125625, 0.525, 0.575, 0.775
56, 0.275, 0.45, 0.5153749999999999, 0.525, 0.575, 0.75
57, 0.275, 0.475, 0.5138125, 0.525, 0.575, 0.8
58, 0.275, 0.45, 0.508, 0.5, 0.55, 0.775
59, 0.3, 0.45, 0.5058125, 0.5, 0.55, 0.75
60, 0.275, 0.45, 0.51525, 0.5, 0.575, 0.775
61, 0.275, 0.45, 0.5064375, 0.5, 0.575, 0.675
62, 0.275, 0.45, 0.5091249999999999, 0.5, 0.55, 0.775
63, 0.225, 0.45, 0.5054375, 0.5, 0.575, 0.75
64, 0.275, 0.45, 0.5098125, 0.5, 0.575, 0.725
65, 0.325, 0.45, 0.508875, 0.5, 0.575, 0.725
66, 0.15, 0.45, 0.5104375, 0.5, 0.575, 0.75
67, 0.25, 0.45, 0.5155624999999999, 0.525, 0.575, 0.75
68, 0.275, 0.45, 0.508875, 0.5, 0.575, 0.725
69, 0.3, 0.45, 0.5120625000000001, 0.525, 0.575, 0.7
70, 0.325, 0.45, 0.5156875000000001, 0.525, 0.575, 0.7
71, 0.225, 0.45, 0.5103125000000001, 0.5, 0.575, 0.725
72, 0.3, 0.45, 0.50475, 0.5, 0.55625, 0.75
73, 0.3, 0.475, 0.5228125, 0.525, 0.575, 0.75
74, 0.3, 0.45, 0.4955, 0.5, 0.55, 0.7
75, 0.3, 0.45, 0.51325, 0.5, 0.575, 0.775
76, 0.3, 0.45, 0.510625, 0.5, 0.575, 0.9
77, 0.25, 0.45, 0.5125, 0.5, 0.575, 0.775
78, 0.3, 0.475, 0.51875, 0.525, 0.575, 0.75
79, 0.225, 0.45, 0.5118750000000001, 0.5, 0.55625, 0.75
80, 0.3, 0.45, 0.510875, 0.5, 0.575, 0.75
81, 0.275, 0.475, 0.5176875, 0.525, 0.575, 0.75
82, 0.3, 0.45, 0.50875, 0.5, 0.575, 0.775
83, 0.25, 0.45, 0.508, 0.5, 0.575, 0.725
84, 0.3, 0.475, 0.524875, 0.525, 0.575, 0.7
85, 0.3, 0.45, 0.517875, 0.525, 0.575, 0.725
86, 0.3, 0.45, 0.5139375, 0.5, 0.575, 0.75
87, 0.25, 0.45, 0.5085, 0.5, 0.575, 0.725
88, 0.275, 0.45, 0.5118125, 0.525, 0.575, 0.725
89, 0.225, 0.45, 0.5133125, 0.525, 0.575, 0.725
90, 0.275, 0.475, 0.5185625, 0.525, 0.575, 0.725
91, 0.325, 0.45, 0.5153125000000001, 0.5, 0.575, 0.75
92, 0.275, 0.45, 0.5139375, 0.5, 0.575, 0.75
93, 0.3, 0.475, 0.5189375, 0.525, 0.575, 0.75
94, 0.25, 0.45, 0.509, 0.525, 0.575, 0.75
95, 0.275, 0.475, 0.5180625, 0.525, 0.575, 0.8
96, 0.275, 0.45, 0.5120625000000001, 0.525, 0.575, 0.825
97, 0.25, 0.45, 0.5114375, 0.5, 0.575, 0.75
98, 0.225, 0.45, 0.50825, 0.5, 0.55, 0.725
99, 0.25, 0.45, 0.514375, 0.5, 0.575, 0.75
100, 0.275, 0.475, 0.5225625, 0.525, 0.575, 0.75
101, 0.3, 0.475, 0.521125, 0.525, 0.575, 0.825
102, 0.35, 0.45, 0.5109375, 0.5, 0.575, 0.725
103, 0.3, 0.45, 0.512, 0.5, 0.575, 0.775
104, 0.3, 0.45, 0.5113749999999999, 0.5, 0.55, 0.775
105, 0.3, 0.475, 0.5266875, 0.525, 0.575, 0.75
106, 0.25, 0.45, 0.5136875, 0.525, 0.575, 0.75
107, 0.275, 0.475, 0.5203125, 0.525, 0.575, 0.775
108, 0.275, 0.45, 0.508875, 0.5, 0.575, 0.725
109, 0.25, 0.45, 0.5041249999999999, 0.5, 0.55, 0.725
110, 0.225, 0.45, 0.5086875, 0.5, 0.575, 0.775
111, 0.25, 0.475, 0.520125, 0.525, 0.575, 0.775
112, 0.275, 0.45, 0.519, 0.5125, 0.575, 0.825
113, 0.325, 0.45, 0.517375, 0.525, 0.575, 0.75
114, 0.3, 0.45, 0.5110625, 0.5125, 0.575, 0.75
115, 0.275, 0.45, 0.5015, 0.5, 0.55, 0.75
116, 0.275, 0.45, 0.5108125, 0.5, 0.55, 0.8
117, 0.25, 0.45, 0.509375, 0.5, 0.575, 0.75
118, 0.25, 0.45, 0.5066875, 0.5, 0.55, 0.725
119, 0.275, 0.45, 0.50925, 0.5, 0.575, 0.7
120, 0.25, 0.45, 0.50625, 0.5, 0.55, 0.75
121, 0.25, 0.45, 0.5088125, 0.5, 0.55, 0.75
122, 0.325, 0.45, 0.5055625, 0.5, 0.575, 0.725
123, 0.225, 0.45, 0.503, 0.5, 0.55, 0.75
124, 0.25, 0.45, 0.5119374999999999, 0.525, 0.575, 0.725
125, 0.3, 0.45, 0.5101875, 0.5, 0.575, 0.75
126, 0.275, 0.45, 0.5077499999999999, 0.5, 0.575, 0.775
127, 0.275, 0.45, 0.5118125, 0.5, 0.575, 0.875
128, 0.275, 0.45, 0.5064375, 0.5, 0.575, 0.725
129, 0.275, 0.45, 0.5131249999999999, 0.5, 0.575, 0.7
130, 0.225, 0.45, 0.5014375, 0.5, 0.55, 0.775
131, 0.3, 0.45, 0.5113749999999999, 0.5, 0.55625, 0.775
132, 0.325, 0.45, 0.5105000000000001, 0.5, 0.575, 0.725
133, 0.275, 0.45, 0.5095, 0.5, 0.575, 0.725
134, 0.325, 0.45, 0.512625, 0.525, 0.575, 0.7
135, 0.25, 0.45, 0.5011875, 0.5, 0.55, 0.75
136, 0.3, 0.45, 0.501625, 0.5, 0.55, 0.7
137, 0.325, 0.46875, 0.514, 0.5, 0.575, 0.75
138, 0.225, 0.45, 0.5135, 0.525, 0.575, 0.7
139, 0.25, 0.45, 0.512375, 0.5, 0.575, 0.75
140, 0.3, 0.45, 0.508875, 0.5125, 0.55, 0.775
141, 0.275, 0.475, 0.5185, 0.525, 0.575, 0.775
142, 0.275, 0.45, 0.503125, 0.5, 0.55, 0.75
143, 0.3, 0.45, 0.5153125000000001, 0.5, 0.575, 0.775
144, 0.3, 0.45, 0.5095625, 0.525, 0.575, 0.725
145, 0.25, 0.45, 0.505875, 0.5, 0.55, 0.8
146, 0.275, 0.45, 0.509, 0.5, 0.575, 0.775
147, 0.275, 0.46875, 0.5178125, 0.525, 0.575, 0.725
148, 0.25, 0.45, 0.5129374999999999, 0.525, 0.575, 0.7
149, 0.3, 0.475, 0.5219375, 0.525, 0.575, 0.75
150, 0.25, 0.475, 0.5179375, 0.525, 0.575, 0.75
151, 0.275, 0.46875, 0.5095, 0.5, 0.55, 0.775
152, 0.3, 0.475, 0.5154375, 0.5, 0.575, 0.75
153, 0.3, 0.45, 0.512875, 0.525, 0.575, 0.75
154, 0.275, 0.45, 0.512875, 0.5125, 0.575, 0.75
155, 0.275, 0.45, 0.5174375, 0.525, 0.575, 0.8
156, 0.225, 0.45, 0.515125, 0.525, 0.575, 0.75
157, 0.3, 0.475, 0.51525, 0.525, 0.575, 0.7
158, 0.25, 0.45, 0.5161875, 0.525, 0.575, 0.75
159, 0.325, 0.475, 0.5284375, 0.525, 0.575, 0.75
160, 0.275, 0.475, 0.53225, 0.525, 0.575, 0.775
161, 0.275, 0.475, 0.5264375, 0.525, 0.575, 0.8
162, 0.325, 0.475, 0.5291875, 0.525, 0.575, 0.75
163, 0.3, 0.475, 0.5258125, 0.525, 0.575, 0.75
164, 0.3, 0.45, 0.5184375, 0.525, 0.575, 0.85
165, 0.25, 0.475, 0.525, 0.525, 0.575, 0.775
166, 0.325, 0.475, 0.5300625, 0.525, 0.575, 0.825
167, 0.225, 0.475, 0.537125, 0.55, 0.6, 0.8
168, 0.3, 0.475, 0.5398125, 0.55, 0.6, 0.8
169, 0.275, 0.475, 0.5391250000000001, 0.525, 0.6, 0.775
170, 0.2, 0.475, 0.5393749999999999, 0.525, 0.6, 0.825
171, 0.2, 0.475, 0.5336875, 0.525, 0.6, 0.775
172, 0.3, 0.475, 0.5365624999999999, 0.55, 0.6, 0.75
173, 0.3, 0.475, 0.5383125, 0.525, 0.6, 0.775
174, 0.325, 0.475, 0.53525, 0.525, 0.6, 0.75
175, 0.275, 0.475, 0.53825, 0.5375, 0.6, 0.775
176, 0.3, 0.475, 0.5335, 0.525, 0.6, 0.8
177, 0.3, 0.475, 0.5349375000000001, 0.525, 0.6, 0.8
178, 0.275, 0.475, 0.5355000000000001, 0.525, 0.6, 0.75
179, 0.25, 0.475, 0.5328125, 0.525, 0.6, 0.8
180, 0.3, 0.475, 0.5384375, 0.525, 0.6, 0.8
181, 0.225, 0.475, 0.541875, 0.55, 0.6, 0.8
182, 0.325, 0.475, 0.5425625000000001, 0.525, 0.6, 0.8
183, 0.325, 0.475, 0.533625, 0.5375, 0.6, 0.75
184, 0.325, 0.5, 0.5476875, 0.55, 0.6, 0.825
185, 0.275, 0.475, 0.53275, 0.55, 0.6, 0.8
186, 0.325, 0.475, 0.5391874999999999, 0.55, 0.6, 0.8
187, 0.325, 0.475, 0.546875, 0.55, 0.6, 0.75
188, 0.25, 0.475, 0.5373125, 0.525, 0.6, 0.8
189, 0.3, 0.475, 0.54425, 0.55, 0.6, 0.75
190, 0.275, 0.475, 0.5433749999999999, 0.55, 0.6, 0.85
191, 0.3, 0.5, 0.5466249999999999, 0.55, 0.6, 0.75
192, 0.25, 0.475, 0.5365624999999999, 0.55, 0.6, 0.825
193, 0.325, 0.475, 0.542125, 0.55, 0.6, 0.8
194, 0.25, 0.475, 0.536625, 0.55, 0.6, 0.775
195, 0.35, 0.5, 0.5461875, 0.55, 0.6, 0.8
196, 0.275, 0.475, 0.5414375, 0.55, 0.6, 0.8
197, 0.325, 0.475, 0.5335625, 0.525, 0.6, 0.8
198, 0.275, 0.475, 0.5416875, 0.55, 0.6, 0.825
199, 0.35, 0.475, 0.5408125, 0.55, 0.6, 0.775
200, 0.225, 0.475, 0.5329375, 0.525, 0.6, 0.8
201, 0.225, 0.475, 0.531875, 0.525, 0.6, 0.8
202, 0.3, 0.475, 0.5401875, 0.525, 0.6, 0.8
203, 0.275, 0.475, 0.5441874999999999, 0.55, 0.6, 0.8
204, 0.275, 0.475, 0.5339375000000001, 0.525, 0.6, 0.8
205, 0.35, 0.5, 0.5466249999999999, 0.55, 0.6, 0.85
206, 0.325, 0.5, 0.5428124999999999, 0.55, 0.6, 0.825
207, 0.3, 0.475, 0.5328125, 0.525, 0.6, 0.8
208, 0.25, 0.475, 0.5345, 0.525, 0.6, 0.775
209, 0.3, 0.475, 0.54525, 0.55, 0.6, 0.85
210, 0.275, 0.49375, 0.5515, 0.55, 0.6, 0.775
211, 0.275, 0.475, 0.55125, 0.55, 0.625, 0.825
212, 0.3, 0.475, 0.5489375, 0.55, 0.6, 0.775
213, 0.325, 0.5, 0.5415625000000001, 0.55, 0.6, 0.8
214, 0.275, 0.475, 0.5433125000000001, 0.55, 0.6, 0.825
215, 0.25, 0.475, 0.5426875, 0.55, 0.6, 0.85
216, 0.25, 0.475, 0.540875, 0.55, 0.6, 0.775
217, 0.3, 0.475, 0.5439375, 0.5375, 0.625, 0.8
218, 0.25, 0.475, 0.5426249999999999, 0.55, 0.6, 0.775
219, 0.325, 0.475, 0.546, 0.55, 0.6, 0.8
220, 0.275, 0.475, 0.545875, 0.55, 0.6, 0.8
221, 0.275, 0.475, 0.542125, 0.525, 0.6, 0.825
222, 0.35, 0.475, 0.5507500000000001, 0.55, 0.6, 0.825
223, 0.3, 0.475, 0.5391250000000001, 0.525, 0.6, 0.9
224, 0.275, 0.475, 0.53825, 0.525, 0.6, 0.8
225, 0.3, 0.475, 0.539625, 0.55, 0.6, 0.825
226, 0.3, 0.475, 0.5444375, 0.55, 0.6, 0.85
227, 0.25, 0.475, 0.5385, 0.55, 0.575, 0.825
228, 0.3, 0.49375, 0.5454375, 0.55, 0.6, 0.775
229, 0.3, 0.475, 0.5375, 0.525, 0.6, 0.8
230, 0.25, 0.5, 0.550875, 0.55, 0.625, 0.8
231, 0.325, 0.475, 0.5415, 0.5375, 0.6, 0.825
232, 0.3, 0.475, 0.5426875, 0.55, 0.6, 0.825
233, 0.275, 0.475, 0.5391250000000001, 0.525, 0.6, 0.8
234, 0.325, 0.475, 0.548875, 0.55, 0.60625, 0.775
235, 0.325, 0.475, 0.5440625, 0.55, 0.6, 0.775
236, 0.3, 0.475, 0.541875, 0.55, 0.6, 0.8
237, 0.325, 0.475, 0.5518125, 0.55, 0.625, 0.775
238, 0.3, 0.5, 0.5467500000000001, 0.55, 0.6, 0.8
239, 0.325, 0.475, 0.539875, 0.55, 0.6, 0.8
240, 0.275, 0.475, 0.5368125, 0.525, 0.6, 0.875
241, 0.3, 0.475, 0.5358125, 0.525, 0.6, 0.8
242, 0.325, 0.475, 0.545875, 0.55, 0.6, 0.8
243, 0.3, 0.5, 0.54775, 0.55, 0.6, 0.825
244, 0.325, 0.5, 0.5475625, 0.55, 0.6, 0.85
245, 0.275, 0.5, 0.554125, 0.55, 0.625, 0.825
246, 0.275, 0.475, 0.5509999999999999, 0.55, 0.625, 0.85
247, 0.325, 0.5, 0.55325, 0.55, 0.6, 0.8
248, 0.275, 0.5, 0.552875, 0.55, 0.625, 0.875
249, 0.325, 0.5, 0.554, 0.55, 0.6, 0.8
250, 0.25, 0.5, 0.551875, 0.55, 0.6, 0.75
251, 0.35, 0.5, 0.5570625, 0.55, 0.625, 0.825
252, 0.3, 0.5, 0.5506875, 0.55, 0.625, 0.8
253, 0.2, 0.5, 0.5499375, 0.55, 0.60625, 0.825
254, 0.325, 0.475, 0.544125, 0.55, 0.6, 0.775
255, 0.3, 0.475, 0.545625, 0.55, 0.625, 0.875
256, 0.3, 0.5, 0.5539375, 0.55, 0.625, 0.8
257, 0.3, 0.5, 0.5589999999999999, 0.55, 0.625, 0.825
258, 0.275, 0.5, 0.5544374999999999, 0.55, 0.625, 0.8
259, 0.275, 0.5, 0.5586249999999999, 0.55, 0.625, 0.775
260, 0.3, 0.5, 0.5586249999999999, 0.55, 0.625, 0.775
261, 0.3, 0.5, 0.5543750000000001, 0.55, 0.625, 0.85
262, 0.275, 0.5, 0.5463125, 0.55, 0.6, 0.775
263, 0.3, 0.5, 0.5479375, 0.55, 0.6, 0.825
264, 0.3, 0.5, 0.5530625, 0.55, 0.6, 0.8
265, 0.325, 0.5, 0.5483125, 0.55, 0.6, 0.775
266, 0.325, 0.5, 0.5493125, 0.55, 0.6, 0.775
267, 0.275, 0.475, 0.540625, 0.5375, 0.6, 0.775
268, 0.3, 0.5, 0.548625, 0.525, 0.6, 0.8
269, 0.275, 0.5, 0.5509999999999999, 0.55, 0.6, 0.8
270, 0.225, 0.475, 0.54125, 0.55, 0.6, 0.775
271, 0.325, 0.5, 0.55275, 0.55, 0.6, 0.775
272, 0.325, 0.475, 0.55375, 0.55, 0.625, 0.825
273, 0.3, 0.5, 0.55, 0.55, 0.60625, 0.775
274, 0.325, 0.5, 0.55525, 0.55, 0.6, 0.825
275, 0.325, 0.5, 0.556875, 0.55, 0.625, 0.85
276, 0.3, 0.5, 0.55625, 0.55, 0.625, 0.825
277, 0.35, 0.5, 0.5702499999999999, 0.575, 0.625, 0.775
278, 0.3, 0.5, 0.553, 0.55, 0.6, 0.75
279, 0.275, 0.5, 0.560875, 0.575, 0.625, 0.825
280, 0.325, 0.5, 0.5664374999999999, 0.575, 0.625, 0.8
281, 0.25, 0.5, 0.5561875, 0.55, 0.625, 0.875
282, 0.275, 0.5, 0.563125, 0.575, 0.625, 0.75
283, 0.275, 0.5, 0.5596875, 0.55, 0.625, 0.825
284, 0.275, 0.475, 0.55525, 0.55, 0.625, 0.85
285, 0.325, 0.5, 0.557, 0.575, 0.625, 0.8
286, 0.3, 0.5, 0.5573750000000001, 0.575, 0.625, 0.8
287, 0.325, 0.475, 0.5476875, 0.55, 0.625, 0.8
288, 0.3, 0.5, 0.5541875, 0.55, 0.625, 0.775
289, 0.325, 0.475, 0.5541875, 0.55, 0.625, 0.8
290, 0.3, 0.5, 0.5508124999999999, 0.55, 0.6, 0.8
291, 0.3, 0.5, 0.5544374999999999, 0.55, 0.6, 0.8
292, 0.3, 0.475, 0.550125, 0.55, 0.625, 0.825
293, 0.35, 0.5, 0.5515625, 0.55, 0.6, 0.8
294, 0.325, 0.5, 0.5575625, 0.55, 0.625, 0.825
295, 0.275, 0.475, 0.544875, 0.525, 0.6, 0.8
296, 0.275, 0.5, 0.5445625, 0.55, 0.6, 0.8
297, 0.35, 0.5, 0.5560625, 0.55, 0.625, 0.8
298, 0.3, 0.5, 0.5628124999999999, 0.55, 0.625, 0.825
299, 0.3, 0.475, 0.5466875, 0.55, 0.6, 0.875
300, 0.325, 0.5, 0.5565625, 0.55, 0.625, 0.825
301, 0.3, 0.5, 0.5546875, 0.55, 0.625, 0.825
302, 0.3, 0.5, 0.563625, 0.5625, 0.625, 0.825
303, 0.3, 0.5, 0.560875, 0.55, 0.625, 0.825
304, 0.325, 0.5, 0.5595625, 0.55, 0.625, 0.85
305, 0.3, 0.5, 0.5688125, 0.575, 0.625, 0.85
306, 0.3, 0.5, 0.571, 0.575, 0.625, 0.825
307, 0.3, 0.5, 0.574875, 0.575, 0.65, 0.8
308, 0.3, 0.5, 0.564875, 0.55, 0.625, 0.825
309, 0.3, 0.5, 0.565875, 0.575, 0.625, 0.825
310, 0.3, 0.5, 0.5675625, 0.575, 0.625, 0.875
311, 0.325, 0.5, 0.5646875, 0.55, 0.625, 0.8
312, 0.275, 0.5, 0.562, 0.55, 0.625, 0.875
313, 0.25, 0.5, 0.56325, 0.575, 0.625, 0.825
314, 0.25, 0.5, 0.5547500000000001, 0.55, 0.625, 0.85
315, 0.35, 0.5, 0.5700000000000001, 0.575, 0.63125, 0.925
316, 0.25, 0.5, 0.5591875, 0.55, 0.625, 0.825
317, 0.275, 0.5, 0.5676249999999999, 0.575, 0.625, 0.825
318, 0.275, 0.5, 0.563375, 0.55, 0.625, 0.85
319, 0.25, 0.5, 0.558875, 0.575, 0.625, 0.875
320, 0.35, 0.5, 0.568875, 0.575, 0.65, 0.775
321, 0.3, 0.5, 0.5711875, 0.575, 0.65, 0.8
322, 0.325, 0.5, 0.56925, 0.575, 0.625, 0.85
323, 0.3, 0.5, 0.56575, 0.575, 0.625, 0.85
324, 0.3, 0.5, 0.5584374999999999, 0.55, 0.625, 0.8
325, 0.325, 0.5, 0.5640625, 0.55, 0.625, 0.825
326, 0.325, 0.5, 0.56575, 0.575, 0.625, 0.85
327, 0.275, 0.5, 0.5663125, 0.575, 0.625, 0.8
328, 0.3, 0.5, 0.56575, 0.575, 0.625, 0.8
329, 0.3, 0.5, 0.568, 0.575, 0.625, 0.8
330, 0.3, 0.5, 0.5622499999999999, 0.55, 0.625, 0.8
331, 0.25, 0.5, 0.5628124999999999, 0.575, 0.625, 0.85
332, 0.25, 0.5, 0.5640625, 0.575, 0.625, 0.8
333, 0.3, 0.5, 0.5626249999999999, 0.575, 0.625, 0.85
334, 0.3, 0.5, 0.563875, 0.575, 0.625, 0.775
335, 0.3, 0.5, 0.5645, 0.575, 0.625, 0.8
336, 0.325, 0.5, 0.5673125, 0.575, 0.625, 0.825
337, 0.3, 0.5, 0.5545625000000001, 0.55, 0.625, 0.8
338, 0.3, 0.5, 0.5568125, 0.55, 0.625, 0.825
339, 0.35, 0.5, 0.56125, 0.575, 0.625, 0.8
340, 0.3, 0.5, 0.5547500000000001, 0.55, 0.6, 0.875
341, 0.35, 0.5, 0.5605, 0.55, 0.625, 0.775
342, 0.275, 0.5, 0.5695625, 0.575, 0.625, 0.775
343, 0.325, 0.525, 0.58025, 0.575, 0.625, 0.8
344, 0.325, 0.5, 0.5736875, 0.575, 0.625, 0.875
345, 0.3, 0.5, 0.557875, 0.55, 0.625, 0.8
346, 0.325, 0.5, 0.5781875000000001, 0.575, 0.65, 0.825
347, 0.3, 0.525, 0.57875, 0.575, 0.65, 0.8
348, 0.275, 0.5, 0.5659375, 0.575, 0.625, 0.775
349, 0.35, 0.525, 0.5783750000000001, 0.575, 0.65, 0.825
350, 0.325, 0.525, 0.5865, 0.6, 0.65, 0.825
351, 0.35, 0.525, 0.5820624999999999, 0.575, 0.65, 0.8
352, 0.325, 0.525, 0.584375, 0.575, 0.65, 0.85
353, 0.35, 0.5, 0.5738125000000001, 0.575, 0.625, 0.825
354, 0.3, 0.525, 0.5845, 0.575, 0.65, 0.85
355, 0.325, 0.5, 0.5661875000000001, 0.55, 0.65, 0.875
356, 0.2, 0.5, 0.5665, 0.575, 0.625, 0.85
357, 0.25, 0.5, 0.5659375, 0.575, 0.625, 0.85
358, 0.325, 0.525, 0.58125, 0.575, 0.65, 0.825
359, 0.3, 0.525, 0.5844375, 0.6, 0.65, 0.825
360, 0.325, 0.525, 0.5790625, 0.575, 0.65, 0.8
361, 0.325, 0.525, 0.5765, 0.575, 0.65, 0.825
362, 0.275, 0.525, 0.586125, 0.575, 0.65, 0.875
363, 0.325, 0.525, 0.596625, 0.6, 0.675, 0.825
364, 0.3, 0.525, 0.58775, 0.5875, 0.65, 0.85
365, 0.3, 0.525, 0.590625, 0.6, 0.65625, 0.875
366, 0.375, 0.525, 0.5965625, 0.6, 0.675, 0.825
367, 0.375, 0.525, 0.5884375000000001, 0.6, 0.65, 0.825
368, 0.325, 0.525, 0.589375, 0.6, 0.65, 0.875
369, 0.3, 0.525, 0.58975, 0.6, 0.65, 0.875
370, 0.325, 0.525, 0.5881875, 0.6, 0.65, 0.85
371, 0.35, 0.525, 0.5886250000000001, 0.575, 0.65, 0.95
372, 0.3, 0.525, 0.5995625, 0.6, 0.675, 0.875
373, 0.325, 0.525, 0.5931875, 0.6, 0.675, 0.825
374, 0.35, 0.525, 0.5945625, 0.6, 0.65, 0.85
375, 0.35, 0.525, 0.594375, 0.6, 0.65, 0.875
376, 0.35, 0.525, 0.5966875, 0.6, 0.65, 0.85
377, 0.275, 0.525, 0.5916875, 0.6, 0.675, 0.825
378, 0.35, 0.525, 0.5963125, 0.6, 0.675, 0.825
379, 0.35, 0.55, 0.6049375, 0.6, 0.675, 0.825
380, 0.325, 0.54375, 0.6014375000000001, 0.6, 0.675, 0.85
381, 0.35, 0.55, 0.6071875, 0.6, 0.675, 0.85
382, 0.375, 0.525, 0.6, 0.6, 0.675, 0.825
383, 0.325, 0.525, 0.588375, 0.6, 0.65, 0.9
384, 0.325, 0.525, 0.5995625, 0.6, 0.65, 0.85
385, 0.325, 0.55, 0.5995625, 0.6, 0.65, 0.825
386, 0.3, 0.525, 0.59825, 0.6, 0.65, 0.825
387, 0.325, 0.525, 0.5965625, 0.6, 0.675, 0.875
388, 0.325, 0.525, 0.5965, 0.6, 0.65, 0.85
389, 0.35, 0.525, 0.5966875, 0.6, 0.675, 0.825
390, 0.275, 0.55, 0.6021875, 0.6, 0.675, 0.825
391, 0.3, 0.55, 0.6080625000000001, 0.6125, 0.675, 0.85
392, 0.375, 0.525, 0.599125, 0.6, 0.65, 0.825
393, 0.35, 0.525, 0.6008125, 0.6, 0.675, 0.825
394, 0.3, 0.525, 0.6068749999999999, 0.625, 0.675, 0.825
395, 0.325, 0.525, 0.599375, 0.6, 0.675, 0.85
396, 0.3, 0.525, 0.595875, 0.6, 0.65, 0.825
397, 0.25, 0.55, 0.600375, 0.6, 0.675, 0.825
398, 0.35, 0.55, 0.6041875, 0.6, 0.675, 0.85
399, 0.225, 0.525, 0.5899375, 0.6, 0.65, 0.825
400, 0.325, 0.55, 0.6008125, 0.6, 0.65, 0.825
401, 0.325, 0.55, 0.6020625, 0.6, 0.65, 0.875
402, 0.35, 0.55, 0.6016250000000001, 0.6, 0.65, 0.825
403, 0.325, 0.55, 0.60825, 0.6125, 0.675, 0.85
404, 0.275, 0.55, 0.603875, 0.6, 0.675, 0.85
405, 0.35, 0.55, 0.607875, 0.6, 0.675, 0.875
406, 0.325, 0.525, 0.59575, 0.6, 0.65, 0.85
407, 0.325, 0.55, 0.6093124999999999, 0.6, 0.675, 0.825
408, 0.3, 0.55, 0.604625, 0.6, 0.675, 0.85
409, 0.35, 0.55, 0.6116875, 0.6, 0.675, 0.825
410, 0.375, 0.55, 0.6060625, 0.6, 0.675, 0.825
411, 0.275, 0.55, 0.610375, 0.625, 0.675, 0.8
412, 0.3, 0.55, 0.6101875, 0.6, 0.675, 0.85
413, 0.375, 0.55, 0.6160625, 0.6, 0.675, 0.85
414, 0.325, 0.525, 0.5961875, 0.6, 0.65, 0.85
415, 0.35, 0.55, 0.6055625, 0.6, 0.675, 0.85
416, 0.35, 0.55, 0.6041875, 0.6, 0.65, 0.825
417, 0.35, 0.55, 0.6120625000000001, 0.625, 0.675, 0.825
418, 0.3, 0.55, 0.5976250000000001, 0.6, 0.65, 0.85
419, 0.3, 0.55, 0.602375, 0.6, 0.675, 0.85
420, 0.325, 0.55, 0.5979375, 0.6, 0.675, 0.8
421, 0.3, 0.55, 0.6033125, 0.6, 0.675, 0.825
422, 0.35, 0.55, 0.5972500000000001, 0.6, 0.65, 0.875
423, 0.4, 0.55, 0.6040625000000001, 0.6, 0.65, 0.85
424, 0.35, 0.55, 0.6073125, 0.6, 0.675, 0.875
425, 0.35, 0.55, 0.6056874999999999, 0.6, 0.675, 0.85
426, 0.35, 0.55, 0.608875, 0.6, 0.7, 0.875
427, 0.35, 0.55, 0.6168125, 0.625, 0.675, 0.875
428, 0.325, 0.55, 0.606, 0.6, 0.675, 0.825
429, 0.3, 0.55, 0.6085625, 0.6, 0.675, 0.9
430, 0.325, 0.55, 0.6181875, 0.625, 0.675, 0.825
431, 0.325, 0.525, 0.5999375, 0.6, 0.675, 0.875
432, 0.375, 0.55, 0.6075, 0.6, 0.675, 0.875
433, 0.325, 0.55, 0.6071875, 0.6, 0.675, 0.875
434, 0.35, 0.55, 0.618375, 0.625, 0.675, 0.925
435, 0.35, 0.55, 0.610625, 0.6, 0.675, 0.825
436, 0.375, 0.56875, 0.6228125, 0.625, 0.675, 0.925
437, 0.35, 0.55, 0.6189375, 0.625, 0.675, 0.875
438, 0.35, 0.55, 0.6207499999999999, 0.625, 0.7, 0.9
439, 0.275, 0.55, 0.6091875, 0.625, 0.675, 0.9
440, 0.325, 0.55, 0.6034375, 0.6, 0.675, 0.8
441, 0.25, 0.55, 0.601125, 0.6, 0.675, 0.85
442, 0.35, 0.55, 0.604625, 0.6, 0.675, 0.875
443, 0.325, 0.55, 0.6008125, 0.6, 0.65, 0.875
444, 0.3, 0.55, 0.6025, 0.6, 0.675, 0.85
445, 0.325, 0.55, 0.59425, 0.6, 0.65, 0.85
446, 0.35, 0.525, 0.5969375, 0.6, 0.675, 0.825
447, 0.375, 0.525, 0.5915625, 0.6, 0.65, 0.85
448, 0.325, 0.525, 0.5956875, 0.6, 0.65, 0.8
449, 0.35, 0.525, 0.5902499999999999, 0.575, 0.65, 0.875
450, 0.3, 0.525, 0.5895625, 0.6, 0.65, 0.825
451, 0.35, 0.525, 0.5915625, 0.6, 0.65, 0.825
452, 0.35, 0.525, 0.590875, 0.6, 0.65, 0.825
453, 0.35, 0.55, 0.587125, 0.575, 0.63125, 0.85
454, 0.375, 0.525, 0.5940000000000001, 0.6, 0.65, 0.85
455, 0.35, 0.525, 0.5889375, 0.575, 0.65, 0.825
456, 0.35, 0.525, 0.5985, 0.6, 0.675, 0.8
457, 0.325, 0.525, 0.588, 0.575, 0.65, 0.85
458, 0.3, 0.525, 0.5941875, 0.6, 0.65, 0.85
459, 0.325, 0.525, 0.5874375, 0.575, 0.65, 0.8
460, 0.35, 0.525, 0.591375, 0.6, 0.65, 0.85
461, 0.35, 0.525, 0.6005625, 0.6, 0.675, 0.825
462, 0.325, 0.55, 0.5950624999999999, 0.6, 0.65, 0.85
463, 0.325, 0.525, 0.595625, 0.6, 0.675, 0.8
464, 0.375, 0.55, 0.5999375, 0.6, 0.65, 0.875
465, 0.35, 0.55, 0.6035, 0.6, 0.675, 0.85
466, 0.375, 0.55, 0.6060625, 0.6, 0.675, 0.825
467, 0.35, 0.525, 0.593375, 0.6, 0.65, 0.825
468, 0.325, 0.525, 0.5856874999999999, 0.575, 0.65, 0.825
469, 0.325, 0.525, 0.5929375, 0.6, 0.675, 0.775
470, 0.3, 0.525, 0.592125, 0.6, 0.675, 0.825
471, 0.325, 0.525, 0.5948125, 0.6, 0.65, 0.825
472, 0.35, 0.55, 0.6078125, 0.625, 0.675, 0.85
473, 0.325, 0.55, 0.60675, 0.6, 0.675, 0.85
474, 0.375, 0.55, 0.6073125, 0.6, 0.675, 0.85
475, 0.325, 0.55, 0.6094375000000001, 0.6, 0.675, 0.875
476, 0.35, 0.55, 0.60575, 0.6, 0.675, 0.825
477, 0.35, 0.55, 0.607625, 0.6, 0.675, 0.9
478, 0.375, 0.55, 0.6126875, 0.625, 0.675, 0.825
479, 0.3, 0.54375, 0.6003125, 0.6, 0.675, 0.825
480, 0.375, 0.55, 0.6165, 0.625, 0.675, 0.85
481, 0.35, 0.55, 0.612, 0.6, 0.675, 0.85
482, 0.375, 0.55, 0.6174375000000001, 0.6, 0.675, 0.85
483, 0.35, 0.55, 0.6158750000000001, 0.625, 0.675, 0.85
484, 0.325, 0.55, 0.60625, 0.6, 0.675, 0.9
485, 0.35, 0.55, 0.6092500000000001, 0.6, 0.675, 0.85
486, 0.325, 0.575, 0.61925, 0.625, 0.675, 0.85
487, 0.4, 0.575, 0.6273125, 0.625, 0.675, 0.85
488, 0.4, 0.575, 0.622875, 0.625, 0.675, 0.85
489, 0.35, 0.55, 0.6173124999999999, 0.625, 0.675, 0.875
490, 0.375, 0.575, 0.6270625, 0.625, 0.7, 0.875
491, 0.375, 0.55, 0.6155625, 0.625, 0.675, 0.825
492, 0.325, 0.55, 0.604375, 0.6, 0.675, 0.85
493, 0.35, 0.55, 0.6086875, 0.6, 0.675, 0.85
494, 0.375, 0.55, 0.6116875, 0.625, 0.675, 0.8
495, 0.3, 0.55, 0.6096250000000001, 0.625, 0.675, 0.875
496, 0.325, 0.55, 0.6076875, 0.6, 0.675, 0.85
497, 0.35, 0.55, 0.6045625, 0.6, 0.675, 0.85
498, 0.35, 0.55, 0.605, 0.6, 0.675, 0.9
499, 0.35, 0.55, 0.6123125, 0.6, 0.675, 0.875
500, 0.325, 0.55, 0.615375, 0.625, 0.675, 0.875
501, 0.375, 0.55, 0.61775, 0.625, 0.675, 0.925
502, 0.35, 0.55, 0.6168750000000001, 0.625, 0.675, 0.925
503, 0.325, 0.55, 0.6125, 0.625, 0.675, 0.875
504, 0.4, 0.55, 0.6068125, 0.6, 0.675, 0.825
505, 0.4, 0.575, 0.6214375000000001, 0.625, 0.7, 0.85
506, 0.4, 0.575, 0.6241875, 0.625, 0.7, 0.875
507, 0.35, 0.55, 0.613375, 0.625, 0.675, 0.85
508, 0.325, 0.55, 0.6148125, 0.625, 0.675, 0.9
509, 0.35, 0.55, 0.6068749999999999, 0.6, 0.675, 0.825
510, 0.325, 0.55, 0.6205625, 0.625, 0.675, 0.875
511, 0.375, 0.55, 0.6095625, 0.6, 0.675, 0.825
512, 0.35, 0.55, 0.6061875, 0.6, 0.675, 0.85
513, 0.325, 0.575, 0.6203125, 0.625, 0.68125, 0.825
514, 0.325, 0.55, 0.62275, 0.625, 0.7, 0.925
515, 0.375, 0.575, 0.621625, 0.625, 0.675, 0.85
516, 0.225, 0.575, 0.624, 0.625, 0.675, 0.85
517, 0.375, 0.55, 0.6184999999999999, 0.625, 0.675, 0.875
518, 0.325, 0.55, 0.6195, 0.625, 0.7, 0.85
519, 0.35, 0.55, 0.6176875, 0.625, 0.675, 0.85
520, 0.375, 0.575, 0.6254375, 0.625, 0.675, 0.85
521, 0.375, 0.55, 0.623125, 0.625, 0.675, 0.875
522, 0.35, 0.575, 0.629375, 0.625, 0.7, 0.85
523, 0.325, 0.575, 0.6328750000000001, 0.65, 0.7, 0.875
524, 0.325, 0.55, 0.6235, 0.625, 0.7, 0.9
525, 0.375, 0.56875, 0.6235, 0.625, 0.675, 0.85
526, 0.3, 0.575, 0.6288125, 0.625, 0.7, 0.85
527, 0.35, 0.55, 0.6251875, 0.625, 0.7, 0.925
528, 0.35, 0.575, 0.629875, 0.625, 0.7, 0.85
529, 0.375, 0.55, 0.618875, 0.625, 0.675, 0.85
530, 0.35, 0.575, 0.631625, 0.625, 0.7, 0.875
531, 0.375, 0.575, 0.6325624999999999, 0.625, 0.7, 0.925
532, 0.35, 0.55, 0.6311875, 0.625, 0.7, 0.85
533, 0.35, 0.55, 0.616625, 0.625, 0.7, 0.9
534, 0.425, 0.575, 0.6251249999999999, 0.625, 0.675, 0.85
535, 0.325, 0.575, 0.6314375, 0.65, 0.7, 0.85
536, 0.375, 0.575, 0.6403749999999999, 0.65, 0.7, 0.875
537, 0.3, 0.575, 0.634375, 0.65, 0.7, 0.9
538, 0.375, 0.575, 0.6441250000000001, 0.65, 0.7, 0.875
539, 0.35, 0.575, 0.6340625, 0.625, 0.7, 0.9
540, 0.375, 0.575, 0.6380625, 0.65, 0.7, 0.9
541, 0.4, 0.575, 0.63625, 0.65, 0.7, 0.875
542, 0.4, 0.575, 0.6331875, 0.625, 0.7, 0.875
543, 0.325, 0.575, 0.6335625, 0.65, 0.7, 0.9
544, 0.325, 0.575, 0.63625, 0.65, 0.7, 0.825
545, 0.3, 0.575, 0.6361875, 0.65, 0.7, 0.875
546, 0.35, 0.575, 0.6298125, 0.625, 0.7, 0.925
547, 0.325, 0.575, 0.639375, 0.65, 0.7, 0.875
548, 0.375, 0.6, 0.6519375000000001, 0.65, 0.7, 0.875
549, 0.325, 0.6, 0.6480625, 0.65, 0.7, 0.875
550, 0.35, 0.6, 0.6494375, 0.65, 0.7, 0.875
551, 0.425, 0.6, 0.6555625, 0.65, 0.725, 0.85
552, 0.325, 0.575, 0.6401875, 0.65, 0.7, 0.825
553, 0.3, 0.6, 0.6495625, 0.65, 0.7, 0.875
554, 0.4, 0.6, 0.64275, 0.65, 0.7, 0.875
555, 0.425, 0.6, 0.6551875, 0.65, 0.725, 0.875
556, 0.325, 0.6, 0.6443125000000001, 0.65, 0.7, 0.925
557, 0.4, 0.575, 0.648625, 0.65, 0.7, 0.9
558, 0.35, 0.575, 0.64125, 0.65, 0.7, 0.9
559, 0.4, 0.6, 0.6511250000000001, 0.65, 0.725, 0.925
560, 0.35, 0.6, 0.6521874999999999, 0.65, 0.7, 0.85
561, 0.425, 0.575, 0.641875, 0.65, 0.7, 0.85
562, 0.3, 0.575, 0.644625, 0.65, 0.7, 0.85
563, 0.35, 0.6, 0.6457499999999999, 0.65, 0.725, 0.9
564, 0.35, 0.6, 0.649875, 0.65, 0.725, 0.875
565, 0.375, 0.6, 0.657, 0.675, 0.725, 0.9
566, 0.3, 0.6, 0.6509375000000001, 0.65, 0.7, 0.95
567, 0.375, 0.575, 0.6458125, 0.65, 0.7, 0.9
568, 0.4, 0.575, 0.635625, 0.65, 0.7, 0.875
569, 0.4, 0.59375, 0.647875, 0.65, 0.7, 0.85
570, 0.375, 0.575, 0.6395, 0.65, 0.7, 0.875
571, 0.4, 0.575, 0.645, 0.65, 0.7, 0.875
572, 0.35, 0.6, 0.6478125, 0.65, 0.7, 0.9
573, 0.375, 0.6, 0.6604375, 0.675, 0.725, 0.875
574, 0.375, 0.6, 0.65625, 0.675, 0.725, 0.925
575, 0.375, 0.6, 0.65825, 0.675, 0.725, 0.875
576, 0.375, 0.6, 0.654375, 0.6625, 0.7, 0.875
577, 0.375, 0.6, 0.653125, 0.65, 0.725, 0.85
578, 0.4, 0.6, 0.6585625, 0.65, 0.725, 0.85
579, 0.4, 0.6, 0.6608125, 0.675, 0.725, 0.875
580, 0.375, 0.6, 0.649875, 0.65, 0.725, 0.9
581, 0.4, 0.6, 0.6505625, 0.65, 0.7, 0.875
582, 0.375, 0.6, 0.654125, 0.65, 0.725, 0.85
583, 0.35, 0.6, 0.6550625, 0.65, 0.7, 0.875
584, 0.4, 0.6, 0.6536875, 0.65, 0.7, 0.9
585, 0.325, 0.6, 0.6604375, 0.675, 0.725, 0.875
586, 0.375, 0.6, 0.6558125, 0.65, 0.725, 0.925
587, 0.4, 0.6, 0.659, 0.65, 0.725, 0.9
588, 0.325, 0.6, 0.6539375, 0.65, 0.725, 0.875
589, 0.35, 0.6, 0.6641874999999999, 0.675, 0.725, 0.875
590, 0.4, 0.6, 0.651625, 0.65, 0.725, 0.875
591, 0.325, 0.6, 0.6568125, 0.65, 0.725, 0.85
592, 0.4, 0.6, 0.659625, 0.65, 0.725, 0.9
593, 0.4, 0.6, 0.6590625, 0.65, 0.725, 0.9
594, 0.425, 0.6, 0.6570625, 0.675, 0.725, 0.85
595, 0.4, 0.6, 0.662125, 0.675, 0.725, 0.9
596, 0.35, 0.6, 0.6523749999999999, 0.65, 0.725, 0.875
597, 0.325, 0.575, 0.6490625, 0.65, 0.7, 0.85
598, 0.375, 0.6, 0.65225, 0.65, 0.725, 0.875
599, 0.325, 0.6, 0.658, 0.65, 0.725, 0.9
600, 0.35, 0.6, 0.6625, 0.65, 0.725, 0.925
601, 0.375, 0.6, 0.6584375, 0.675, 0.725, 0.925
602, 0.375, 0.59375, 0.649125, 0.65, 0.725, 0.925
603, 0.4, 0.6, 0.6570625, 0.65, 0.725, 0.9
604, 0.4, 0.6, 0.658625, 0.6625, 0.725, 0.85
605, 0.375, 0.6, 0.66175, 0.675, 0.725, 0.9
606, 0.35, 0.6, 0.6497499999999999, 0.65, 0.725, 0.9
607, 0.45, 0.6, 0.6530625, 0.65, 0.725, 0.9
608, 0.4, 0.59375, 0.6533125, 0.65, 0.725, 0.925
609, 0.4, 0.6, 0.6576875, 0.675, 0.7, 0.975
610, 0.35, 0.6, 0.6629375, 0.675, 0.725, 0.925
611, 0.4, 0.6, 0.6563749999999999, 0.65, 0.7, 0.85
612, 0.375, 0.6, 0.66175, 0.675, 0.725, 0.875
613, 0.35, 0.6, 0.66225, 0.65, 0.725, 0.9
614, 0.3, 0.625, 0.6601250000000001, 0.65, 0.725, 0.875
615, 0.375, 0.6, 0.6595, 0.675, 0.725, 0.875
616, 0.375, 0.6, 0.6545, 0.65, 0.7, 0.85
617, 0.4, 0.6, 0.6613749999999999, 0.675, 0.725, 0.9
618, 0.3, 0.6, 0.6538125, 0.65, 0.725, 0.9
619, 0.4, 0.6, 0.654125, 0.65, 0.7, 0.875
620, 0.35, 0.6, 0.6578125, 0.65, 0.725, 0.9
621, 0.425, 0.59375, 0.6548125, 0.65, 0.725, 0.875
622, 0.375, 0.6, 0.6524375, 0.65, 0.725, 0.875
623, 0.35, 0.6, 0.654, 0.65, 0.725, 0.875
624, 0.425, 0.6, 0.652875, 0.65, 0.7, 0.875
625, 0.375, 0.6, 0.662375, 0.675, 0.725, 0.9
626, 0.325, 0.6, 0.6541875, 0.65, 0.725, 0.875
627, 0.35, 0.6, 0.658125, 0.65, 0.725, 0.875
628, 0.375, 0.6, 0.6528125, 0.65, 0.725, 0.85
629, 0.4, 0.6, 0.6563125000000001, 0.65, 0.725, 0.9
630, 0.4, 0.6, 0.655375, 0.65, 0.725, 0.875
631, 0.425, 0.6, 0.65325, 0.65, 0.7, 0.875
632, 0.425, 0.6, 0.654, 0.65, 0.725, 0.9
633, 0.425, 0.6, 0.654, 0.65, 0.725, 0.9
634, 0.375, 0.6, 0.6471250000000001, 0.65, 0.7, 0.85
635, 0.45, 0.625, 0.67325, 0.675, 0.725, 0.875
636, 0.4, 0.6, 0.6537499999999999, 0.65, 0.7, 0.9
637, 0.375, 0.575, 0.644, 0.65, 0.7, 0.875
638, 0.325, 0.6, 0.6537499999999999, 0.65, 0.725, 0.875
639, 0.35, 0.6, 0.650625, 0.65, 0.725, 0.875
640, 0.325, 0.6, 0.6539375, 0.65, 0.7, 0.925
641, 0.375, 0.6, 0.65025, 0.65, 0.7, 0.9
642, 0.4, 0.6, 0.6556875, 0.675, 0.725, 0.875
643, 0.4, 0.6, 0.6505, 0.65, 0.725, 0.85
644, 0.4, 0.6, 0.659125, 0.65, 0.725, 0.875
645, 0.375, 0.6, 0.649125, 0.65, 0.7, 0.9
646, 0.375, 0.6, 0.6535, 0.65, 0.7, 0.85
647, 0.4, 0.6, 0.654125, 0.65, 0.725, 0.875
648, 0.275, 0.6, 0.651, 0.65, 0.725, 0.85
649, 0.4, 0.6, 0.6454375, 0.65, 0.7, 0.875
650, 0.375, 0.575, 0.6365624999999999, 0.65, 0.7, 0.925
651, 0.35, 0.575, 0.637, 0.6375, 0.7, 0.875
652, 0.35, 0.575, 0.6316875, 0.625, 0.7, 0.925
653, 0.4, 0.575, 0.6451875, 0.65, 0.7, 0.875
654, 0.325, 0.575, 0.6358125, 0.65, 0.7, 0.875
655, 0.35, 0.575, 0.64375, 0.65, 0.7, 0.85
656, 0.325, 0.6, 0.6483749999999999, 0.65, 0.7, 0.825
657, 0.35, 0.6, 0.65025, 0.65, 0.7, 0.85
658, 0.3, 0.6, 0.6464375, 0.65, 0.7, 0.85
659, 0.35, 0.6, 0.653875, 0.65, 0.725, 0.85
660, 0.375, 0.6, 0.649875, 0.65, 0.70625, 0.9
661, 0.35, 0.6, 0.6527499999999999, 0.65, 0.725, 0.875
662, 0.425, 0.6, 0.6555, 0.65, 0.725, 0.925
663, 0.4, 0.6, 0.650875, 0.65, 0.7, 0.85
664, 0.35, 0.6, 0.664625, 0.675, 0.725, 0.85
665, 0.4, 0.6, 0.6535, 0.65, 0.725, 0.9
666, 0.35, 0.6, 0.6499375, 0.65, 0.7, 0.875
667, 0.35, 0.6, 0.649, 0.65, 0.7, 0.875
668, 0.4, 0.6, 0.651625, 0.65, 0.7, 0.875
669, 0.4, 0.6, 0.6585625, 0.6625, 0.725, 0.9
670, 0.375, 0.6, 0.6581875, 0.675, 0.725, 0.875
671, 0.4, 0.6, 0.6574375, 0.65, 0.725, 0.875
672, 0.4, 0.6, 0.6625625, 0.675, 0.725, 0.85
673, 0.425, 0.6, 0.6581875, 0.65, 0.725, 0.925
674, 0.375, 0.6, 0.659, 0.675, 0.725, 0.9
675, 0.45, 0.6, 0.6529375, 0.65, 0.7, 0.9
676, 0.375, 0.6, 0.666875, 0.675, 0.725, 0.875
677, 0.375, 0.6, 0.6513125, 0.65, 0.7, 0.925
678, 0.375, 0.6, 0.6594375, 0.65, 0.725, 0.85
679, 0.35, 0.6, 0.65625, 0.65, 0.725, 0.875
680, 0.35, 0.6, 0.6568125, 0.65, 0.725, 0.9
681, 0.425, 0.6, 0.657625, 0.675, 0.725, 0.875
682, 0.375, 0.6, 0.6551875, 0.65, 0.7, 0.85
683, 0.425, 0.6, 0.662125, 0.675, 0.725, 0.875
684, 0.4, 0.6, 0.657875, 0.65, 0.725, 0.9
685, 0.375, 0.59375, 0.6506875, 0.65, 0.7, 0.875
686, 0.4, 0.6, 0.6639999999999999, 0.675, 0.725, 0.9
687, 0.4, 0.6, 0.653375, 0.65, 0.725, 0.85
688, 0.375, 0.6, 0.6508125, 0.65, 0.7, 0.875
689, 0.475, 0.6, 0.6650625, 0.675, 0.725, 0.875
690, 0.375, 0.625, 0.665125, 0.675, 0.725, 0.875
691, 0.425, 0.625, 0.66475, 0.675, 0.725, 0.925
692, 0.45, 0.6, 0.6619375, 0.675, 0.725, 0.925
693, 0.4, 0.6, 0.6676249999999999, 0.675, 0.725, 0.875
694, 0.425, 0.6, 0.6603125000000001, 0.65, 0.725, 0.875
695, 0.4, 0.625, 0.6759999999999999, 0.675, 0.725, 0.9
696, 0.4, 0.625, 0.6716875, 0.675, 0.725, 0.9
697, 0.425, 0.6, 0.6616875, 0.675, 0.725, 0.875
698, 0.4, 0.6, 0.66025, 0.675, 0.725, 0.875
699, 0.45, 0.6, 0.6595625, 0.65, 0.725, 0.85
700, 0.425, 0.6, 0.6644375, 0.675, 0.725, 0.85
701, 0.425, 0.625, 0.6763125, 0.675, 0.725, 0.9
702, 0.375, 0.6, 0.6654375, 0.675, 0.725, 0.925
703, 0.425, 0.6, 0.6678124999999999, 0.675, 0.725, 0.875
704, 0.375, 0.6, 0.6654375, 0.675, 0.725, 0.9
705, 0.475, 0.625, 0.6693125, 0.675, 0.725, 0.875
706, 0.375, 0.6, 0.6628125, 0.675, 0.725, 0.875
707, 0.4, 0.625, 0.6700625, 0.675, 0.725, 0.925
708, 0.375, 0.625, 0.6690625, 0.675, 0.725, 0.9
709, 0.325, 0.6, 0.6608125, 0.675, 0.725, 0.85
710, 0.375, 0.61875, 0.6721874999999999, 0.675, 0.75, 0.925
711, 0.35, 0.6, 0.66875, 0.675, 0.725, 0.875
712, 0.35, 0.6, 0.670375, 0.675, 0.725, 0.85
713, 0.4, 0.6, 0.6639375000000001, 0.675, 0.725, 0.875
714, 0.375, 0.6, 0.651375, 0.65, 0.725, 0.875
715, 0.35, 0.6, 0.662375, 0.675, 0.725, 0.875
716, 0.425, 0.61875, 0.6677500000000001, 0.675, 0.725, 0.875
717, 0.4, 0.6, 0.6654375, 0.675, 0.725, 0.875
718, 0.425, 0.625, 0.671125, 0.675, 0.725, 0.95
719, 0.4, 0.625, 0.6789375, 0.675, 0.725, 0.875
720, 0.325, 0.625, 0.6743125, 0.675, 0.725, 0.875
721, 0.35, 0.625, 0.6715625000000001, 0.675, 0.725, 0.9
722, 0.425, 0.625, 0.6769999999999999, 0.675, 0.725, 0.9
723, 0.425, 0.625, 0.6784375, 0.675, 0.75, 0.925
724, 0.375, 0.625, 0.680125, 0.675, 0.75, 0.925
725, 0.425, 0.625, 0.6805, 0.675, 0.725, 0.95
726, 0.375, 0.625, 0.6786875, 0.675, 0.725, 0.9
727, 0.375, 0.625, 0.683875, 0.7, 0.75, 0.9
728, 0.45, 0.625, 0.6853125, 0.7, 0.725, 0.95
729, 0.4, 0.625, 0.677625, 0.675, 0.725, 0.875
730, 0.4, 0.625, 0.68875, 0.7, 0.75, 0.9
731, 0.35, 0.625, 0.682875, 0.7, 0.75, 0.875
732, 0.475, 0.625, 0.6851875, 0.7, 0.725, 0.9
733, 0.45, 0.625, 0.6719375000000001, 0.675, 0.725, 0.875
734, 0.425, 0.625, 0.6804375, 0.675, 0.75, 0.9
735, 0.45, 0.625, 0.6919375, 0.7, 0.75, 0.925
736, 0.4, 0.625, 0.6809999999999999, 0.675, 0.75, 0.9
737, 0.45, 0.625, 0.6866875, 0.7, 0.75, 0.925
738, 0.475, 0.65, 0.6905625, 0.7, 0.75, 0.95
739, 0.35, 0.625, 0.6740625, 0.675, 0.725, 0.9
740, 0.45, 0.625, 0.68175, 0.675, 0.75, 0.9
741, 0.35, 0.625, 0.6789375, 0.675, 0.725, 0.875
742, 0.45, 0.61875, 0.6774375, 0.675, 0.75, 0.9
743, 0.375, 0.625, 0.6840625, 0.7, 0.75, 0.875
744, 0.375, 0.625, 0.685875, 0.7, 0.75, 0.875
745, 0.4, 0.625, 0.6795625000000001, 0.675, 0.75, 0.925
746, 0.375, 0.625, 0.6855, 0.7, 0.75, 0.9
747, 0.4, 0.625, 0.6868125, 0.7, 0.75, 0.875
748, 0.4, 0.625, 0.6841875, 0.6875, 0.75, 0.875
749, 0.475, 0.65, 0.690125, 0.7, 0.75, 0.9
750, 0.45, 0.65, 0.6925625, 0.7, 0.75, 0.9
751, 0.475, 0.625, 0.69425, 0.7, 0.75, 0.925
752, 0.45, 0.65, 0.689125, 0.6875, 0.75, 0.875
753, 0.375, 0.625, 0.684875, 0.7, 0.75, 0.9
754, 0.375, 0.625, 0.687125, 0.7, 0.75, 0.875
755, 0.4, 0.625, 0.684625, 0.7, 0.75, 0.925
756, 0.35, 0.625, 0.6863125, 0.7, 0.75, 0.875
757, 0.45, 0.625, 0.683, 0.7, 0.73125, 0.925
758, 0.425, 0.625, 0.6830625, 0.675, 0.75, 0.925
759, 0.35, 0.625, 0.6756875, 0.675, 0.725, 0.95
760, 0.45, 0.625, 0.6854375, 0.7, 0.75, 0.925
761, 0.35, 0.625, 0.684625, 0.7, 0.75, 0.925
762, 0.425, 0.625, 0.6786875, 0.675, 0.75, 0.9
763, 0.325, 0.625, 0.686, 0.7, 0.75, 0.875
764, 0.425, 0.625, 0.68125, 0.675, 0.725, 0.875
765, 0.375, 0.625, 0.6825, 0.675, 0.75, 0.925
766, 0.475, 0.625, 0.6877500000000001, 0.7, 0.75, 0.9
767, 0.45, 0.65, 0.6959375, 0.7, 0.75, 0.875
768, 0.425, 0.65, 0.6941875, 0.7, 0.75, 0.9
769, 0.45, 0.65, 0.698625, 0.7, 0.75625, 0.9
770, 0.425, 0.65, 0.690875, 0.7, 0.75, 0.85
771, 0.475, 0.625, 0.6886875, 0.7, 0.75, 0.9
772, 0.475, 0.65, 0.6903125, 0.7, 0.75, 0.85
773, 0.475, 0.65, 0.6991875000000001, 0.7, 0.75, 0.9
774, 0.425, 0.65, 0.6953125, 0.7, 0.75, 0.875
775, 0.475, 0.65, 0.6976875, 0.7, 0.75, 0.9
776, 0.475, 0.65, 0.6913125, 0.7, 0.75, 0.9
777, 0.425, 0.625, 0.682625, 0.675, 0.75, 0.9
778, 0.45, 0.625, 0.685625, 0.7, 0.75, 0.925
779, 0.325, 0.625, 0.6843125, 0.7, 0.75, 0.9
780, 0.475, 0.65, 0.69025, 0.7, 0.75, 0.9
781, 0.425, 0.65, 0.6891875, 0.7, 0.75, 0.9
782, 0.45, 0.625, 0.688875, 0.7, 0.75, 0.925
783, 0.45, 0.65, 0.693625, 0.7, 0.75, 0.875
784, 0.4, 0.65, 0.6914374999999999, 0.7, 0.75, 0.9
785, 0.45, 0.625, 0.67925, 0.675, 0.725, 0.925
786, 0.375, 0.625, 0.687, 0.7, 0.75, 0.9
787, 0.4, 0.625, 0.6860625, 0.7, 0.75, 0.875
788, 0.4, 0.625, 0.6935625, 0.7, 0.75, 0.95
789, 0.4, 0.625, 0.6891875, 0.7, 0.75, 0.9
790, 0.425, 0.65, 0.69675, 0.7, 0.75, 0.95
791, 0.325, 0.625, 0.6825625, 0.7, 0.725, 0.9
792, 0.425, 0.65, 0.6975, 0.7, 0.75, 0.875
793, 0.35, 0.625, 0.6900625, 0.7, 0.75, 0.9
794, 0.4, 0.625, 0.68875, 0.7, 0.75, 0.9
795, 0.425, 0.625, 0.6733125, 0.675, 0.725, 0.925
796, 0.35, 0.625, 0.6815625, 0.7, 0.75, 0.875
797, 0.45, 0.625, 0.685625, 0.6875, 0.75, 0.9
798, 0.4, 0.625, 0.6866875, 0.7, 0.75, 0.925
799, 0.425, 0.625, 0.6915625000000001, 0.7, 0.75, 0.875
800, 0.4, 0.625, 0.6849375, 0.675, 0.75, 0.9
801, 0.375, 0.625, 0.6878124999999999, 0.7, 0.75, 0.925
802, 0.475, 0.625, 0.6899375, 0.7, 0.75, 0.9
803, 0.425, 0.65, 0.6925, 0.7, 0.75, 0.875
804, 0.425, 0.65, 0.7025625, 0.7, 0.75, 0.95
805, 0.475, 0.64375, 0.6915, 0.7, 0.75, 0.875
806, 0.425, 0.65, 0.701125, 0.7, 0.75, 0.875
807, 0.45, 0.65, 0.6955, 0.7, 0.75, 0.925
808, 0.45, 0.65, 0.7029375, 0.7, 0.75, 0.925
809, 0.45, 0.65, 0.7055, 0.7, 0.75, 0.9
810, 0.45, 0.65, 0.6949375, 0.7, 0.75, 0.9
811, 0.45, 0.64375, 0.689375, 0.7, 0.75, 0.875
812, 0.375, 0.65, 0.69775, 0.7, 0.75, 0.9
813, 0.3, 0.625, 0.6884375, 0.7, 0.75, 0.9
814, 0.45, 0.625, 0.68875, 0.7, 0.75, 0.9
815, 0.375, 0.65, 0.6895, 0.7, 0.75, 0.9
816, 0.425, 0.625, 0.6884375, 0.7, 0.75, 0.875
817, 0.425, 0.65, 0.694625, 0.7, 0.75, 0.9
818, 0.4, 0.625, 0.683875, 0.7, 0.75, 0.875
819, 0.45, 0.625, 0.6875625000000001, 0.7, 0.75, 0.9
820, 0.425, 0.65, 0.69625, 0.7, 0.75, 0.925
821, 0.45, 0.65, 0.7009375, 0.7, 0.75, 0.9
822, 0.5, 0.65, 0.7046875, 0.7, 0.775, 0.95
823, 0.45, 0.65, 0.6996875, 0.7, 0.75, 0.95
824, 0.425, 0.65, 0.6993750000000001, 0.7, 0.75, 0.925
825, 0.425, 0.65, 0.70125, 0.7, 0.75, 0.9
826, 0.375, 0.65, 0.693875, 0.7, 0.75, 0.9
827, 0.425, 0.65, 0.7013125, 0.7, 0.75, 0.9
828, 0.375, 0.65, 0.6929375, 0.7, 0.75, 0.925
829, 0.475, 0.65, 0.6976875, 0.7, 0.75, 0.9
830, 0.425, 0.625, 0.69225, 0.7, 0.75, 0.9
831, 0.475, 0.65, 0.7095625, 0.725, 0.775, 0.95
832, 0.45, 0.65, 0.703875, 0.7, 0.75, 0.95
833, 0.475, 0.65, 0.7038125, 0.7, 0.75, 0.9
834, 0.425, 0.65, 0.7094375, 0.7, 0.775, 0.925
835, 0.425, 0.65, 0.7041875, 0.7, 0.775, 0.925
836, 0.45, 0.65, 0.698375, 0.7, 0.75, 0.9
837, 0.4, 0.65, 0.6991875000000001, 0.7, 0.75, 0.9
838, 0.425, 0.675, 0.7068125000000001, 0.7, 0.75, 0.95
839, 0.425, 0.65, 0.708, 0.725, 0.775, 0.9
840, 0.5, 0.65, 0.71025, 0.7, 0.775, 0.925
841, 0.45, 0.65, 0.711625, 0.7, 0.75, 0.925
842, 0.475, 0.65, 0.7100625, 0.7, 0.775, 0.925
843, 0.475, 0.65, 0.70975, 0.725, 0.75, 0.925
844, 0.475, 0.675, 0.7136875, 0.725, 0.775, 0.925
845, 0.45, 0.65, 0.71475, 0.725, 0.775, 0.925
846, 0.475, 0.65, 0.7056875, 0.7, 0.775, 0.95
847, 0.475, 0.675, 0.7129375, 0.725, 0.75, 0.925
848, 0.5, 0.675, 0.713125, 0.725, 0.775, 0.9
849, 0.45, 0.65, 0.7032499999999999, 0.7, 0.75, 0.925
850, 0.425, 0.65, 0.7056250000000001, 0.7, 0.75, 0.925
851, 0.4, 0.65, 0.7014375, 0.7, 0.75, 0.9
852, 0.475, 0.65, 0.7111875000000001, 0.725, 0.775, 0.925
853, 0.4, 0.65, 0.7059375, 0.7, 0.775, 0.925
854, 0.4, 0.65, 0.7004374999999999, 0.7, 0.75, 0.95
855, 0.425, 0.65, 0.704625, 0.7, 0.775, 0.9
856, 0.4, 0.65, 0.6990000000000001, 0.7, 0.75, 0.95
857, 0.425, 0.65, 0.7104375, 0.725, 0.775, 0.9
858, 0.45, 0.65, 0.7110624999999999, 0.725, 0.775, 0.925
859, 0.425, 0.65, 0.7082499999999999, 0.7, 0.775, 0.9
860, 0.45, 0.65, 0.7128125, 0.725, 0.775, 0.925
861, 0.45, 0.65, 0.7072499999999999, 0.7, 0.775, 0.9
862, 0.425, 0.675, 0.717, 0.725, 0.775, 0.925
863, 0.475, 0.65, 0.708375, 0.725, 0.75, 0.875
864, 0.475, 0.675, 0.7173125, 0.725, 0.775, 0.925
865, 0.425, 0.675, 0.7184999999999999, 0.725, 0.775, 0.925
866, 0.45, 0.65, 0.71575, 0.725, 0.775, 0.875
867, 0.525, 0.675, 0.721, 0.725, 0.775, 0.9
868, 0.5, 0.675, 0.71975, 0.725, 0.775, 0.925
869, 0.475, 0.675, 0.720625, 0.725, 0.775, 0.925
870, 0.45, 0.675, 0.7150624999999999, 0.725, 0.775, 0.925
871, 0.425, 0.65, 0.7116875, 0.725, 0.775, 0.925
872, 0.475, 0.675, 0.721625, 0.725, 0.775, 0.9
873, 0.425, 0.65, 0.715375, 0.725, 0.775, 0.95
874, 0.4, 0.675, 0.7306250000000001, 0.725, 0.775, 0.95
875, 0.475, 0.675, 0.7290625000000001, 0.725, 0.775, 0.925
876, 0.45, 0.675, 0.7209375, 0.725, 0.775, 0.9
877, 0.475, 0.675, 0.7200624999999999, 0.725, 0.775, 0.95
878, 0.45, 0.675, 0.7125625, 0.725, 0.75625, 1.0
879, 0.425, 0.675, 0.7149375, 0.725, 0.775, 0.925
880, 0.475, 0.66875, 0.714, 0.725, 0.775, 0.875
881, 0.5, 0.675, 0.721375, 0.725, 0.775, 0.95
882, 0.425, 0.65, 0.705, 0.7, 0.75, 0.875
883, 0.425, 0.65, 0.7146874999999999, 0.725, 0.775, 0.925
884, 0.5, 0.675, 0.71825, 0.725, 0.775, 0.925
885, 0.45, 0.675, 0.7246875, 0.725, 0.775, 0.9
886, 0.45, 0.675, 0.724375, 0.725, 0.775, 0.9
887, 0.425, 0.65, 0.7170625, 0.725, 0.775, 0.9
888, 0.525, 0.675, 0.7255625, 0.725, 0.775, 1.0
889, 0.475, 0.675, 0.7243125, 0.725, 0.775, 0.975
890, 0.475, 0.675, 0.7241875, 0.725, 0.775, 0.925
891, 0.475, 0.675, 0.7191875, 0.725, 0.775, 0.925
892, 0.45, 0.675, 0.7193125, 0.725, 0.775, 0.925
893, 0.45, 0.675, 0.7121875, 0.725, 0.775, 0.9
894, 0.5, 0.675, 0.7214375000000001, 0.725, 0.775, 0.925
895, 0.525, 0.675, 0.7251875, 0.725, 0.775, 0.925
896, 0.45, 0.675, 0.713125, 0.725, 0.775, 0.9
897, 0.45, 0.675, 0.7221875, 0.725, 0.775, 0.9
898, 0.375, 0.65, 0.7139375, 0.725, 0.775, 0.925
899, 0.45, 0.675, 0.7174375000000001, 0.725, 0.775, 0.9
900, 0.525, 0.675, 0.7204375, 0.725, 0.775, 0.95
901, 0.4, 0.675, 0.7289375, 0.725, 0.775, 0.925
902, 0.5, 0.675, 0.7186874999999999, 0.725, 0.775, 0.9
903, 0.5, 0.675, 0.72975, 0.725, 0.775, 0.925
904, 0.475, 0.675, 0.7194375, 0.725, 0.775, 0.95
905, 0.475, 0.66875, 0.7171875, 0.725, 0.775, 1.0
906, 0.475, 0.675, 0.728375, 0.725, 0.775, 0.925
907, 0.525, 0.675, 0.723375, 0.725, 0.775, 0.9
908, 0.425, 0.675, 0.7235, 0.725, 0.775, 0.925
909, 0.5, 0.675, 0.7268749999999999, 0.725, 0.775, 0.925
910, 0.5, 0.675, 0.725625, 0.725, 0.775, 0.925
911, 0.45, 0.675, 0.7189375, 0.725, 0.775, 0.925
912, 0.475, 0.66875, 0.7186874999999999, 0.725, 0.775, 0.925
913, 0.475, 0.675, 0.7278125, 0.725, 0.775, 0.9
914, 0.475, 0.675, 0.7230624999999999, 0.725, 0.775, 0.95
915, 0.5, 0.675, 0.7231875, 0.725, 0.775, 0.95
916, 0.5, 0.675, 0.7299375, 0.725, 0.775, 0.925
917, 0.5, 0.675, 0.7274375, 0.725, 0.775, 0.925
918, 0.475, 0.675, 0.7310625, 0.725, 0.8, 0.925
919, 0.45, 0.675, 0.721625, 0.725, 0.775, 0.925
920, 0.5, 0.675, 0.7263124999999999, 0.725, 0.775, 0.925
921, 0.525, 0.675, 0.72275, 0.725, 0.775, 0.925
922, 0.4, 0.675, 0.721875, 0.725, 0.775, 0.95
923, 0.475, 0.66875, 0.7138125, 0.725, 0.775, 0.9
924, 0.425, 0.675, 0.7254375, 0.725, 0.775, 0.9
925, 0.525, 0.675, 0.7285, 0.725, 0.775, 0.925
926, 0.475, 0.675, 0.7321875, 0.725, 0.8, 0.925
927, 0.475, 0.675, 0.7356874999999999, 0.725, 0.8, 0.95
928, 0.475, 0.675, 0.7290625000000001, 0.725, 0.775, 0.9
929, 0.5, 0.7, 0.7401875, 0.75, 0.8, 0.9
930, 0.4, 0.675, 0.7302500000000001, 0.7375, 0.775, 0.9
931, 0.5, 0.7, 0.7348125, 0.725, 0.8, 0.925
932, 0.5, 0.675, 0.7373125, 0.75, 0.8, 0.95
933, 0.5, 0.7, 0.738875, 0.75, 0.78125, 0.925
934, 0.55, 0.69375, 0.7413125, 0.75, 0.8, 0.925
935, 0.525, 0.7, 0.7381875, 0.75, 0.8, 0.925
936, 0.525, 0.7, 0.7408750000000001, 0.75, 0.8, 0.95
937, 0.5, 0.7, 0.7380625000000001, 0.75, 0.775, 0.9
938, 0.525, 0.7, 0.7536875000000001, 0.75, 0.8, 0.925
939, 0.5, 0.7, 0.7457499999999999, 0.75, 0.8, 0.95
940, 0.525, 0.7, 0.739875, 0.75, 0.8, 0.95
941, 0.475, 0.7, 0.7405, 0.75, 0.8, 0.925
942, 0.525, 0.675, 0.7374375, 0.75, 0.775, 0.95
943, 0.5, 0.7, 0.7474999999999999, 0.75, 0.8, 0.975
944, 0.425, 0.7, 0.7449375, 0.75, 0.8, 0.95
945, 0.525, 0.7, 0.7425625, 0.75, 0.8, 0.9
946, 0.425, 0.675, 0.7398125, 0.75, 0.8, 0.9
947, 0.5, 0.675, 0.735, 0.725, 0.8, 0.9
948, 0.5, 0.7, 0.7463124999999999, 0.75, 0.8, 0.925
949, 0.45, 0.675, 0.728625, 0.725, 0.775, 0.95
950, 0.55, 0.675, 0.7391875, 0.75, 0.8, 0.95
951, 0.475, 0.7, 0.749625, 0.75, 0.8, 0.95
952, 0.525, 0.7, 0.7405, 0.75, 0.8, 0.9
953, 0.525, 0.7, 0.74925, 0.75, 0.8, 0.975
954, 0.525, 0.7, 0.7403125, 0.75, 0.8, 0.925
955, 0.475, 0.675, 0.7349375, 0.75, 0.78125, 0.9
956, 0.525, 0.7, 0.7488125, 0.75, 0.8, 0.95
957, 0.5, 0.7, 0.7424999999999999, 0.75, 0.8, 0.9
958, 0.525, 0.7, 0.7505, 0.75, 0.8, 0.925
959, 0.5, 0.7, 0.7516875, 0.75, 0.8, 0.925
960, 0.45, 0.7, 0.7461875, 0.75, 0.8, 0.925
961, 0.55, 0.7, 0.7498125, 0.75, 0.8, 0.9
962, 0.55, 0.7, 0.7395625, 0.75, 0.8, 0.925
963, 0.5, 0.7, 0.7446875000000001, 0.75, 0.8, 0.925
964, 0.5, 0.7, 0.749125, 0.75, 0.8, 0.925
965, 0.5, 0.7, 0.7506875, 0.75, 0.8, 0.95
966, 0.525, 0.7, 0.7526875000000001, 0.75, 0.8, 0.925
967, 0.5, 0.7, 0.7495, 0.75, 0.8, 0.925
968, 0.5, 0.7, 0.7464375000000001, 0.75, 0.8, 0.95
969, 0.55, 0.7, 0.749375, 0.75, 0.8, 0.925
970, 0.525, 0.7, 0.7428125, 0.75, 0.8, 0.95
971, 0.5, 0.7, 0.7530625, 0.75, 0.8, 0.925
972, 0.525, 0.7, 0.7596875, 0.775, 0.8, 0.975
973, 0.5, 0.7, 0.7528125, 0.75, 0.8, 0.95
974, 0.5, 0.7, 0.7499374999999999, 0.75, 0.8, 0.95
975, 0.55, 0.7, 0.7493125, 0.75, 0.8, 0.925
976, 0.525, 0.725, 0.7584375, 0.775, 0.8, 0.925
977, 0.55, 0.7, 0.75125, 0.75, 0.8, 0.925
978, 0.55, 0.7, 0.7479375, 0.75, 0.8, 0.925
979, 0.55, 0.7, 0.747375, 0.75, 0.8, 0.95
980, 0.5, 0.7, 0.7555, 0.75, 0.8, 0.95
981, 0.575, 0.7, 0.7505, 0.75, 0.8, 0.925
982, 0.4, 0.7, 0.7416875, 0.75, 0.8, 0.925
983, 0.5, 0.725, 0.7546875, 0.75, 0.8, 0.95
984, 0.525, 0.7, 0.7495, 0.75, 0.8, 0.925
985, 0.5, 0.7, 0.7496875000000001, 0.75, 0.8, 0.95
986, 0.45, 0.7, 0.7445625, 0.75, 0.8, 0.9
987, 0.5, 0.7, 0.7495625, 0.75, 0.8, 0.975
988, 0.5, 0.7, 0.746875, 0.75, 0.8, 0.95
989, 0.575, 0.7, 0.745, 0.75, 0.8, 0.975
990, 0.55, 0.7, 0.7479375, 0.75, 0.8, 0.925
991, 0.5, 0.725, 0.7548125, 0.75, 0.8, 0.925
992, 0.55, 0.7, 0.756, 0.75, 0.8, 0.925
993, 0.55, 0.7, 0.751625, 0.75, 0.8, 0.95
994, 0.525, 0.7, 0.74725, 0.75, 0.8, 0.925
995, 0.55, 0.725, 0.7555, 0.75, 0.8, 0.9
996, 0.575, 0.7, 0.752, 0.75, 0.8, 0.9
997, 0.525, 0.7, 0.7560625, 0.75, 0.8, 0.925
998, 0.525, 0.7, 0.7478125, 0.75, 0.8, 0.95
999, 0.5, 0.7, 0.7429375, 0.75, 0.8, 0.9
